source,target,weight
ilyashusenramadan,moltensalt.insight,4
katakanpuput,moltensalt.insight,4
hersusiloo,moltensalt.insight,3
azkiaramadanii,moltensalt.insight,3
apriliasiskaaaaa,moltensalt.insight,3
bukanagamrinjani,moltensalt.insight,3
elsofiyah,moltensalt.insight,3
malas_bosannn,moltensalt.insight,3
naufalhabibi21,greenpowergrouptbk,3
dixkyfau,moltensalt.insight,2
immanuelsr,investordailyid,2
karinaardhia,moltensalt.insight,2
b.setyo61,porosrakjat,2
hermansyahaditya54,moltensalt.insight,2
atstube2021,koranbaliexpress,2
andri_g.noviantoro,otoproject,2
dessy4474,theglobeconomy,2
gsitest,plnip.ubpadipala,2
gendhoek_limboek,ahdahmaulana,2
khairudinyusuf8,koranbaliexpress,2
luqmandiyah6,sawanganupdate,2
marhendraputra,sindonews,2
mybeauty.shopee,feedcollective.co,2
notanoldmens,moltensalt.insight,2
pemberimandat,bloombergtechnoz,2
pln.uipklb,plnip.ubpadipala,2
riyastiicr,enternusantara,2
sani_anami,rikasavvyy,2
taufiklexo8389,cerah_indonesiaku,2
tedyatmojooo,moltensalt.insight,2
yulia.nadewiii,moltensalt.insight,2
_ndrok,timesindonesia,1
_thophik_,metrotv,1
_vha.00,investordailyid,1
_warmindostory,astakomunikasi,1
aaalbertob,cryfex.id,1
aadhigunawans,sindonews,1
aagknilef,madiuntoday.id,1
aan101425,astakomunikasi,1
aan101425,daripresiden,1
aanurdin001,arkaproject.idn,1
abadiabadillah,kompascom,1
abangjii,koranbaliexpress,1
yani_suroto,kompascom,1
abiambunten,tommybr_jipro,1
abiyumna09,sukabumiupdatecom,1
achl.ing,tumbuhkaya.id,1
achmad_mujaeni,sindonews,1
adamramadhan767,sindonews,1
ade7131,koranbaliexpress,1
adeagus19,zonaebt,1
adhityadito,otoproject,1
adi.putra.75209,anaktambang,1
adilsetiawan65,webekspor,1
aditya_rockin,feedcollective.co,1
aditya_surya_mandala_putra_s,sukabumiupdatecom,1
aditya_uki_nugroho,manofourtimeid,1
adwi.hantoro,bloombergtechnoz,1
aeh_thea_,otoproject,1
afrynugroho,wartaekonomi,1
ageng.pangestu217,warta.dotcom,1
agilhari.s,nkri24jam,1
agung.purnomo18,rimbasatwa.id,1
aguspriyadiw,sindonews,1
agustiawan_winardi,arkaproject.idn,1
agusvanhoten,tuturmediadigital,1
aguzaja01,tommybr_jipro,1
ahliana.co.id,luarbioskop,1
ahmadaris.ahmadaris.1,sukabumiupdatecom,1
ahmadnursubekti,jakbarviral,1
aiko51621,officialinewstv,1
akhirul_kong86,otoproject,1
akmallmulnaa,cekberitanya,1
akmalrosihan,komnas.ham,1
alamsah_48,bitorexpost,1
alamsemesta189,ariusama20,1
aldieysh,kabarciledug,1
alfredogustiar,puspenpol,1
alief9196,koranbaliexpress,1
alifianrg,enternusantara,1
aliifjr_,tumbuhkaya.id,1
along_ai,suaradotcom,1
althaf_fathan_argifta,otoproject,1
alvian.dawenan,feedcollective.co,1
alwi_gifary,trendjktcom,1
amarilido11,bitorexpost,1
ameliarhmwt1,cekberitanya,1
amiensedunia,sindonews,1
anasrul_0,indo.flashid,1
andana.satriya,otoproject,1
andi_tenry_famory,bitorexpost,1
andiconyputroe,daripresiden,1
andre2gd_,sindonews,1
andre_aryudhi,otoproject,1
andre_pupun,komnas.ham,1
andrefebrian444,katadatacoid,1
andriyan_senpai,investordailyid,1
andro7285,luarbioskop,1
andy2.1042,updatenusantaracom,1
anevsatriani,murianewscom,1
anggarasagung,kapitalismarket,1
anitalstri11,cekberitanya,1
anjase_xx,warta.dotcom,1
anjuransaham,investordailyid,1
anna_lim888.id,metrotv,1
anneemih,bitorexpost,1
antoni_widjaja,bloombergtechnoz,1
apihjajadipraja,jabarekspres,1
ardiansyahwantjiru,otoproject,1
arffan37,webekspor,1
ariarya5858,sukabumiupdatecom,1
arief.s.marsis,indomine_id,1
arief_wowor1,rikasavvyy,1
arif.satia,investordailyid,1
arifcassa,kabartanpadelay,1
ariffaozy2024,tuturmediadigital,1
arifyuspiana,sukabumiupdatecom,1
ariy_idzes,kompascom,1
arizfhrrzi,webekspor,1
arjbokz,timesindonesia,1
arkafarash,trendjktcom,1
arkho91,bitorexpost,1
arkorahydro,energianusantara,1
arsfz__,tantriianita,1
arsn_try,feedcollective.co,1
art_lv01,luarbioskop,1
arta34422,simakpolitik,1
artur_chen_jerwmy,bitorexpost,1
aryadmth_,luarbioskop,1
aryawanfajar,otoproject,1
aryonoput,metrotv,1
arz_opini,ariusama20,1
asep.rahmat27ar,trendjktcom,1
ashza_ras,genergibersih,1
asriani_amiruddin,tantriianita,1
asril_azka,heraldsulselbar,1
astor17027,bitorexpost,1
asukahana,enternusantara,1
aswan2184,sindonews,1
atasnamasayasaja,investordailyid,1
aura_deluna_,bitorexpost,1
austin44163,vibesnewssociety,1
avkxena,kompascom,1
ayub7505,sindonews,1
ayuliindriani,jabarekspres,1
ayumegadewii,timesindonesia,1
azizhasibuan_,feedcollective.co,1
azkyyy_1,heraldsulselbar,1
azton_dj23,laporan8.id,1
bababigonthebike,anggadrumaholic,1
badarbaghraf1,genbanteng,1
bagas_liaa,luarbioskop,1
bageur_akang,otoproject,1
bahanstempelsurabaya,plnip.ubpadipala,1
bakuljamu_91,warta.dotcom,1
bananafirza4,sindonews,1
bangedhyompong,jabodetabek24info,1
bangleo.fx,cryfex.id,1
bangrikibatavia801,banten.feeds,1
barbieskyx_,kompascom,1
basyiriskandarsyah,updatenusantaracom,1
bayu_ap14,otoproject,1
bayu_astrianto,plnip.ubpadipala,1
beaconnbine_,radiopatria,1
bem_su1,sindonews,1
bennyarief46,sorot_tanah_air,1
bento1ko,beritasatu,1
bi_lang_,bitorexpost,1
bil_rosmi,luarbioskop,1
bilic_indonesia,akademi.antikorupsi,1
billo.west,genbanteng,1
bilqis_tsiqlah5,rikasavvyy,1
bimmm_______,timesindonesia,1
bingungsanasini2025,kapitalismarket,1
bint4n972,cerah_indonesiaku,1
bintangnani91,daripresiden,1
bodyweighttrain77,officialinewstv,1
bp_sukendro,timesindonesia,1
bratayudhanamakoe,infobanyuwangi,1
brianrahmadn,astrobike.katalog,1
brohar85,sindonews,1
bslaksono,sindonews,1
buan4545,wartaekonomi,1
budakbader0h,moltensalt.insight,1
budi85army,metrotv,1
budi_angkringan25,investordailyid,1
bukan_ayyub,sukabumiupdatecom,1
bunda.kkdd,sukabumiupdatecom,1
bundayati12345,tommybr_jipro,1
bydlombok_,autotivo,1
bydlombok_,otoproject,1
caapciipcuupp,suaradotcom,1
cahayabintang4668,tommybr_jipro,1
candi.architect,giz_idasean,1
captain_magha,warta.dotcom,1
cerah_baru,satukanjiwa2024,1
ceritahijrahid,lbsurundana,1
cfdhack,pln.epi,1
cfdhack,wartaekonomi,1
cfdhack,zonaebt,1
chairijah5216,laporan8.id,1
cheryjambi.thomas,otoproject,1
chris.tobing,suaradotcom,1
ciaaa_fac,timesindonesia,1
cintamelodyy_,aqielr15,1
cotomatte04,tumbuhkaya.id,1
cut_dek_pink,koranbaliexpress,1
d_besar10,otoproject,1
dadi_rahman_dr,astrobike.katalog,1
dadinurfauzi,officialinewstv,1
daffakhoiri13_,genergibersih,1
danimaziza,jabarekspres,1
danu.dsgr,otoproject,1
david_w_sujarwo,katadatacoid,1
davidsonkarokaro,indovibing.id,1
dealerpolygonphoenix,metrotv,1
deharja77,indovibing.id,1
delfistjun,warta.dotcom,1
dellyfebriadi,updatenusantaracom,1
denantaaaaa,bitorexpost,1
dennysanjayasanjaya,jakarta_headlines,1
desiantoerwan,suaradotcom,1
deviratnasari1212,katakitaig,1
dhannytama,koranbaliexpress,1
dheni.id,otoproject,1
dhila_meong,katakitaig,1
dian_k.pratama,koranbaliexpress,1
dianalstr14,feedcollective.co,1
didik2750,radiopatria,1
didinsahruddinfirdausy,kapitalismarket,1
didinsahruddinfirdausy,sindonews,1
dimas87936,koranbaliexpress,1
dinosau12us,satukanjiwa2024,1
dion_siagian,sindonews,1
diosbright,suaradotcom,1
djihad_08,bitorexpost,1
djoko_simbolon,metrotv,1
djonichew1071,cerah_indonesiaku,1
dngcahyok,sindonews,1
doddrell_tanty,metrotv,1
dodo_grandw,warta.dotcom,1
dolaycut,officialinewstv,1
donavan977,tumbuhkaya.id,1
doomypn,otoproject,1
dr_amar___,metrotv,1
drambollfc,otoproject,1
drawinn_00,depokhariini,1
dsfrozenfood,bitorexpost,1
dutarzqcmrlg,suaradotcom,1
dwifirdaus_11,feedcollective.co,1
dwighthendro,feedcollective.co,1
dwilaksonosetyowibowo,manofourtimeid,1
dyansusantoo,metrotv,1
dynemc2.0,infobanyuwangi,1
ecobiz.asia,ecobiz.asia,1
eddie__ngging,metrotv,1
edwarjuhandi,otoproject,1
edyalnur,banten.feeds,1
ehsan.nura,tantriianita,1
einsten_davidson,cakinvestmentclub,1
ekardiman,officialinewstv,1
ekhoirul8,komnas.ham,1
ekomotormabur,metrotv,1
ekonomienergi_up45,aqielr15,1
elcoroch,astrobike.katalog,1
elmayatigoenawan,daripresiden,1
elvina.tjhan,bitorexpost,1
emanwahidinj,bitorexpost,1
endahnu,astrobike.katalog,1
erj199e,officialinewstv,1
eurekatedja,warta.dotcom,1
evander_manroe77,sindonews,1
evapermatasari25,metrotv,1
evita.do,bitorexpost,1
ewfharis,tumbuhkaya.id,1
excelsobraziliansantos,anaktambang,1
eyt70,manofourtimeid,1
ezazafin,sindonews,1
ezzadwik,cryfex.id,1
fa.rid5440,jabodetabek24info,1
fadlanahya,genergibersih,1
fahmimuhtasyam17,radiopatria,1
faisalladamm,arkaproject.idn,1
fajarhitammm,arkaproject.idn,1
fanboygarislucu,koranbaliexpress,1
fannyfariano24,metrotv,1
faqihh43,feedcollective.co,1
farelmaliq944,suaradotcom,1
fatihdev88,trendjktcom,1
fazrisywbznntdm,katadatacoid,1
feat.fatia1296,metrotv,1
feb.rmd,investordailyid,1
febri14300,astrobike.katalog,1
febriiblink.16,infobanyuwangi,1
febriyvn.me,plnip.ubpadipala,1
fharidotulamanah,trendjktcom,1
filaaja16,trendjktcom,1
firdaus_ahmad_015,timesindonesia,1
fitrianto971,sindonews,1
francesumayow,apaajapku,1
freedome4palestine,bitorexpost,1
fren_fc,sukabumiupdatecom,1
friedo.hekya,warta.dotcom,1
frijal,otoproject,1
gahars_official,bitorexpost,1
galihtnml_70,timesindonesia,1
ganishalasad,webekspor,1
gdl_fotografer,anaktambang,1
genterpol007,mr.opini,1
geodipaenergi,djebtke,1
geodipaenergi.patuha,djebtke,1
gerryonk,otoproject,1
ghe_penk13,metrotv,1
ghfrihms_,tantriianita,1
gifanyslla__,otospector,1
gilang_tjuk,infobanyuwangi,1
gladtribe,tumbuhkaya.id,1
goodyeay,katadatacoid,1
gputra_andreass,sindonews,1
grendygrey,sindonews,1
grillsuki_banyuwangi,infobanyuwangi,1
gudang.nabati,kompascom,1
gurlsyd,luarbioskop,1
gus_slo,otoproject,1
h3ll3ir3,koranbaliexpress,1
hafidahmadf_18,cerah_indonesiaku,1
hairil_gaskin,anaktambang,1
hajiacac,koranbaliexpress,1
hallorew,solehchemist,1
hanatamara70,trendjktcom,1
haniatul_mardiyah7,rikasavvyy,1
hardi.aswin,katakitaig,1
haris449077,sindonews,1
haritasik12,metrotv,1
harry.adi_,otoproject,1
harryseagal4,bitorexpost,1
hars_1928,warta.dotcom,1
harya_pharis,sindonews,1
harybudiman23,kompascom,1
hastutiwuri,katakitaig,1
hayanidjowuri,rujakpolitik,1
heindrow,daripresiden,1
hendriusman52,sindonews,1
hernady_fr,danurenjaya,1
hisyammtaufiiq,arkaproject.idn,1
hsbluhut,koranbaliexpress,1
hudhori.asikin,policy.pop,1
iaammaulana,lifeatgenb,1
iam_fauzi99,otoproject,1
ichlasmohamad,sindonews,1
ickromah_uzumaki,trendjktcom,1
idnpolicy,koranbaliexpress,1
igpunyaani,trendjktcom,1
ihkam_lafiza8,rikasavvyy,1
ikanasin_tokolima,tommybr_jipro,1
ikasetyawan25,katakitaig,1
ikayaji2407,sindonews,1
ikhwan.averoes,sindonews,1
ikie_ramadhan,simakpolitik,1
ikiriswan062,naturevolution.id,1
ilham_m_ge8,manofourtimeid,1
ilhamkaru,daripresiden,1
im.ullann,otospector,1
in_house_0,infobanyuwangi,1
indovolix,simakpolitik,1
indra.christianpatrick2017,borobudur_news,1
indra_aetiawan,bitorexpost,1
indra_rachman19,sindonews,1
indraadityaa9191,manofourtimeid,1
inpresroad,metrotv,1
ipenkun,bitorexpost,1
irfanmohmd,tuturmediadigital,1
irfansaehab_,luarbioskop,1
isanurachmad,genbanteng,1
istamar_ist,mhdcclinic,1
isyaknurhadi,agam.munawar,1
itaa_masitah19,kompascom,1
itongeka,sindonews,1
itshnfrs,otoproject,1
itsmeaccent,luarbioskop,1
iwan.nug,metrotv,1
iyan.rahadyan,jabarekspres,1
iyolah_72,banten.feeds,1
jefry.wulingbatam,otoproject,1
jelly.caty,tuturmediadigital,1
jendrasyaiful,daripresiden,1
jhanyshopcod,katakitaig,1
jibranmahesi,infobandaacehs,1
jiggy_jig30,infobanyuwangi,1
jouskaaaaaa_,luarbioskop,1
juangjoko,sindonews,1
julizar_idris,pln.epi,1
justme.20241,investordailyid,1
justsomeone.rd,investordailyid,1
k_dem_09,luarbioskop,1
kabar_makassar,kabar_makassar,1
kadal.buntet,satukanjiwa2024,1
kak_bho,banten.feeds,1
kaneta.sticker,apaajapku,1
kang_dondon,webekspor,1
kardiman_saja,tommybr_jipro,1
karerekaka,enternusantara,1
karil_camara2,rikasavvyy,1
kartika1654,sindonews,1
kata2_tak_tertulis,bitorexpost,1
kayaknyaiqbal,indo.flashid,1
kazooel1933,infobandaacehs,1
keanuabhivandya,banten.feeds,1
kebo.budhuk,satukanjiwa2024,1
kekenabdullah,feedcollective.co,1
kelaut_aja,satukanjiwa2024,1
kemalhanafii,sukabumiupdatecom,1
kerjamuid,satupersenofficial,1
kevin4627williams,officialnusantaratv,1
kevvphotographer,bitorexpost,1
zinprimadew,bitorexpost,1
khayfazar74,astakomunikasi,1
khemkorner,anaktambang,1
khris_chelsea,genbanteng,1
khrris_,kompascom,1
kikiw_2026_,depokhariini,1
kopianu,metrotv,1
kosasihaditya_,sukabumiupdatecom,1
kuacikering5,cryfex.id,1
kucrut.bangke,satukanjiwa2024,1
kugynana,pln_enjiniring,1
kurnianto_susetiyo,sindonews,1
labuboy_696,luarbioskop,1
lambe_turah505,kapitalismarket,1
law_roes,sindonews,1
legnuts,kompascom,1
lemangowner,investordailyid,1
lenibit.ch,sindonews,1
lennygorat,zonaebt,1
lennz_shh,tumbuhkaya.id,1
linusvolta,republikbekasiofficial,1
lis.dyah,banten.feeds,1
liyasf,solehchemist,1
lkmn.xx1127,timesindonesia,1
lucky6276600,manofourtimeid,1
lugina_kurniawati,sukabumiupdatecom,1
lullyaryani,tommybr_jipro,1
0h_gituh,sindonews,1
lutfan_efend,timesindonesia,1
lutfi.yossi,sukabumiupdatecom,1
m.abdullatiip,sukabumiupdatecom,1
m.amindjakfar,genbanteng,1
madiuntoday.id,madiuntoday.id,1
mahardiansamarinda,agussupriyantobq7,1
mahasinul_fathani,zonaebt,1
mahmudin_karta_wijaya,wartaekonomi,1
majapahit0514,genbanteng,1
mal.nurlail,manofourtimeid,1
4erielle,trendjktcom,1
malikininspiratif,bloombergtechnoz,1
mama_rengganis,katakitaig,1
mangarawahyudi,pestamedia,1
marcoovp14,sindonews,1
4l3x42022,sindonews,1
mariotedy_syah,vibesnewssociety,1
marthin080307,kompascom,1
marthin_jacobs,katadatacoid,1
maru_0392,bitorexpost,1
maruf2tangerang,metrotv,1
mas_hyudha,madiuntoday.id,1
masih_santai678,infobandaacehs,1
maskhaizan,solehchemist,1
masrahman008,arkaproject.idn,1
matchati.idn,vibesnewssociety,1
matriyadi,katadatacoid,1
mauli_daharahap,laporan8.id,1
maullyaariifiin,luarbioskop,1
maz.t.aja,luarbioskop,1
mazna_maziya,rikasavvyy,1
mechviator14,indovibing.id,1
meisahardika,bloombergtechnoz,1
meka007,madiuntoday.id,1
meka007,otoproject,1
merchandise_original_persib,indo.flashid,1
mglenak,sindonews,1
mhalim_real,sindonews,1
mhmdvrgii,cerah_indonesiaku,1
mhmmdadry5,astrobike.katalog,1
mhr.fiqi,luarbioskop,1
miftahfarid.90,tuturmediadigital,1
milan_agus1,theglobeconomy,1
mina85.rf,tommybr_jipro,1
mister_lipe007,genbanteng,1
mlnaputraa,luarbioskop,1
mo.moko7390,mkiofficial_,1
mobilgeelyjakarta,tribunnews,1
mohamadrizkyadzano,investordailyid,1
mohamed_iam_08,kompascom,1
monsun_17,akademi.antikorupsi,1
moulidfajri,greenpowergrouptbk,1
mpakhrur,investordailyid,1
muhammad.firdaus10,metrotv,1
muhammad2389arif,sindonews,1
muhammadsabriii,infobandaacehs,1
muhandhika_eco,bloombergtechnoz,1
mujiunimma,syamsiro,1
mulyo_pasoepatisedjati,tumbuhkaya.id,1
mumun.maemunah.587268,sukabumiupdatecom,1
5_famiily,theglobeconomy,1
myvetnadine,syamsiro,1
nabilxcy50,sindonews,1
namakuyuldi,bitorexpost,1
nandia2307,daripresiden,1
narasiboy,rimbasatwa.id,1
nation_027_,sindonews,1
76henikusumawati,sindonews,1
nawangseptia9,laporan8.id,1
nazaruddin25,kompascom,1
ndianwar,heraldsulselbar,1
nellysafitri14,astakomunikasi,1
nengkarawang3,daripresiden,1
nhs.post,astrobike.katalog,1
nicegift_id,bloombergtechnoz,1
nickelodeon_blue,tuturmediadigital,1
nico_perdana,otoproject,1
nicosaliscii,luarbioskop,1
night_aftr,metrotv,1
ninoright,astrobike.katalog,1
nitamia38,sindonews,1
nizar9____,timesindonesia,1
noe.rucon,katadatacoid,1
noorhasanah7757,sindonews,1
________naba,genergibersih,1
note.dedi,genergibersih,1
notes123456789ku,strum_id,1
nourshue,metrotv,1
novendra_df,radiopatria,1
nugraha.1st,sindonews,1
nugraheni.raditya,metrotv,1
nuraini.nadia.75,cryfex.id,1
nuriladi,cerah_indonesiaku,1
nurrr2121_,laporan8.id,1
nurulbtfauzi,infobandaacehs,1
nutaraulin,sukabumiupdatecom,1
nyith2,updatenusantaracom,1
ocaaddd,murianewscom,1
ockta_galuh_sipo,webekspor,1
oddangrewu,pln_enjiniring,1
oki_boer,zonaebt,1
oktamobstervlog,otoproject,1
om_ibas_,otoproject,1
om_nyoss,sindonews,1
om_sullllll,koranbaliexpress,1
omgmicky,kompascom,1
otoproject,otoproject,1
pahotannn,moltensalt.insight,1
pakalidrus,officialinewstv,1
pancasetyawn,arkaproject.idn,1
pandu_kurnia29,policy.pop,1
panduanggasta,sukabumiupdatecom,1
panjimulki,astrobike.katalog,1
parap129,sindonews,1
paridamrlh_,vibesnewssociety,1
partainasi.id,depokseru,1
parvasani,katadatacoid,1
passeljemmy,sindonews,1
paulinajauhari,otoproject,1
___santosoadb,suaradotcom,1
pengangguranimut,investordailyid,1
penguasa.kegelapan666,sindonews,1
pepu20___,cryfex.id,1
permadi_jaya_las,kapitalismarket,1
petabazi,satupersenofficial,1
phantomplanet_xx,cerah_indonesiaku,1
pleiades27_,theglobeconomy,1
_anhso,indovibing.id,1
pnjalubumi,metrotv,1
polix_news,policy.pop,1
pramukaoganilir,cerah_indonesiaku,1
priambodopongky,bitorexpost,1
prittapaw,sindonews,1
ptpesonapariwisata,banten.feeds,1
purwanindita,plnip.ubpadipala,1
puspitaanggraenii,moltensalt.insight,1
putrianggraini683,katakitaig,1
qdhier87,theglobeconomy,1
queenajjakarta,katakitaig,1
quen_echaa,luarbioskop,1
qv0x1i,koranbaliexpress,1
r.o.k.y6.87,suaradotcom,1
r1yus,otoproject,1
r4ndy.bouled,sorot_tanah_air,1
rachmadirwanto,radiopatria,1
rachmat.suhendro,anaktambang,1
rachmatdosen,mkiofficial_,1
raden_maszamroni,investordailyid,1
raden_maszamroni,webekspor,1
radenmasarifningrat,theglobeconomy,1
rahmadsaidah09,sorot_tanah_air,1
rahmat_jeri1,apaajapku,1
raja_makeup23,infobandaacehs,1
raja_springbed,katadatacoid,1
rambeomar,indovibing.id,1
rambeomar,investordailyid,1
rando_arsyad7,bloombergtechnoz,1
randy_suherman2,rikasavvyy,1
rapinoaja,koranbaliexpress,1
ratna_aden,akademi.antikorupsi,1
rayhanlexandra,bloombergtechnoz,1
rays_mans,joeliardisunendar,1
rbmohshaleh,genbanteng,1
refliaisyah,anggadrumaholic,1
regi_alfandi,policy.pop,1
reinakamoon23,tuturmediadigital,1
reinheart_damanik,jakarta_headlines,1
relymalina,katakitaig,1
renedias.mg,bitorexpost,1
renoor281971,sindonews,1
resepnffam,sindonews,1
rex_ray_1,warga.jakbar,1
reynal_da,aqielr15,1
reza_fahleviiii,kapitalismarket,1
rezaaldiprtm_,greenpowergrouptbk,1
rezapahlepie1,sindonews,1
rian65272,luarbioskop,1
riankapraja,solehchemist,1
richard_ucayz,sindonews,1
ricky6510,koranbaliexpress,1
rifnaldo_karangan99,djebtke,1
rifqisyalim,autotivo,1
riisestia,sindonews,1
rikypermana_brt,bloombergtechnoz,1
rilasusiana13,genbanteng,1
rina286_,cravinginformation,1
ringgalmajiid,otoproject,1
riniyulia790,banten.feeds,1
riyani_twins,banten.feeds,1
_arelov,feedcollective.co,1
rizalkansaja,moltensalt.insight,1
rizkiaazzani,investordailyid,1
rizkirezeki,feedcollective.co,1
rizky_binahong,sukabumiupdatecom,1
rizky_fernandez29,tumbuhkaya.id,1
rizkyjokeja,astakomunikasi,1
rizqimulyana,zonaebt,1
rnaufallll,astrobike.katalog,1
robbi.farhan,otoproject,1
robi_scorpion,bitorexpost,1
romoraedwards,katadatagreen,1
ron_stry,bitorexpost,1
ronnypunya,bitorexpost,1
rossiagstn,lifeatgenb,1
roynurm,bitorexpost,1
rsadiesha15,zonaebt,1
rsma.39,kabarciledug,1
rucytriadi,depokhariini,1
rudi_wassalam,sindonews,1
rudywijaya.rw79,kompascom,1
rwt_ramadhan,sindonews,1
ryaaannv,theglobeconomy,1
ryantwensley,bloombergtechnoz,1
rzky80465,bitorexpost,1
rzky_percil01,ikiloguntor,1
s0fyhud4,madiuntoday.id,1
sablonjambi,katadatacoid,1
sahimal1791,laporan8.id,1
sahimal5842,metrotv,1
salsabillaurel,genergibersih,1
samaranantonio,sindonews,1
samaranantonio,vivacoid,1
samhuda1966,metrotv,1
samiun1976,indovibing.id,1
samyugeu,timesindonesia,1
sandianandar,kabartanpadelay,1
sandibinara,infobandaacehs,1
_be_worth_it,katadatacoid,1
sansthrift354,tumbuhkaya.id,1
satria395,otoproject,1
satriagasa,solehchemist,1
satriamedia,timesindonesia,1
satyarwida,radiopatria,1
satyrnus12,koranbaliexpress,1
sayidulmuhlisin,manofourtimeid,1
sayurmayurtasik,infobanyuwangi,1
selamatabdurrahman99,sindonews,1
sentot_id1,luarbioskop,1
serafina_aleexa,metrotv,1
sertifikasi_kompetensi,dewanenergi,1
sesaryadi10,webekspor,1
setiabuddi,banten.feeds,1
setyobudi843,tommybr_jipro,1
setyod2,daripresiden,1
sger_waras,infobanyuwangi,1
shashamarrysha,suaradotcom,1
silverstone0017,koranbaliexpress,1
sir.plants.alot,kompascom,1
sirdonda,sindonews,1
skimidot22,katadatacoid,1
slahs_gavi,sukabumiupdatecom,1
slaveoftool,jabarekspres,1
sonya_on,webekspor,1
spraspa,zonaebt,1
sri_dwiii2,rikasavvyy,1
ssoesan12769,theglobeconomy,1
sssaaaaaaalll,anaktambang,1
starleo164,bitorexpost,1
starvbest,updatenusantaracom,1
stempel_stampo,djebtke,1
stempel_stampo,pln.epi,1
stevejojonio,otoproject,1
suciati7885,metrotv,1
suhendroabuhaidar,harian.disway,1
sumartono.zia,vivacoid,1
suny1752,sindonews,1
supermie.hobbies,komparasinews.id,1
suryadigunawan,otoproject,1
susantitine,laporan8.id,1
swarnorudi,sindonews,1
syahrulnr23,genergibersih,1
syandy1212,genbanteng,1
syane.elis,sindonews,1
syauqi_mezal,satupersenofficial,1
syechraden,theglobeconomy,1
syukuropu,tuturmediadigital,1
syzahwa_,lifeatgenb,1
szahrxx,genergibersih,1
tadikayudika,laporan8.id,1
tamajuntak,luarbioskop,1
tata_ferdian,infobandaacehs,1
yudhstira.id,murianewscom,1
_jametbersatu,luarbioskop,1
tere616,kompascom,1
thedancingexplorer,naturevolution.id,1
theumunk,officialinewstv,1
tiar_19,sindonews,1
tii_aa37,genergibersih,1
tio.pangaribuan,koranbaliexpress,1
titisumiati,tuturmediadigital,1
tono.william,depokhariini,1
touristkeren,katadatacoid,1
tovan.z,metrotv,1
trashranger.id,genergibersih,1
tri.martu,sukabumiupdatecom,1
trijafayeldi,kompascom,1
tuanaqsa,infobandaacehs,1
tututata151,indo.flashid,1
tututata151,indovibing.id,1
tututata151,laporan8.id,1
tututata151,officialinewstv,1
tututata151,puspenpol,1
twentytwoninetyfour,sindonews,1
tyfany_cantika,tommybr_jipro,1
ubaid__nur,greenpowergrouptbk,1
ucup_6989,luarbioskop,1
ugint808,harian.disway,1
ugint808,sindonews,1
ujangaripp,bitorexpost,1
ujange_19,feedcollective.co,1
ukuimarlan,warta.dotcom,1
ulceland,katadatacoid,1
ull_unk89,heraldsulselbar,1
umarono2026,laporan8.id,1
uncle.dionsu,bitorexpost,1
urs4major_,bitorexpost,1
vdwntr30,feedcollective.co,1
veny.vixki,katadatacoid,1
verd7007,ahdahmaulana,1
veronicamay_dr,katadatacoid,1
vetboys24,sindonews,1
vickyhardinata,luarbioskop,1
viorettalinda,manofourtimeid,1
visyabiru_,ruteberkeadilan.jabar,1
vizhckerz,infobandaacehs,1
vrvalent46,anaktambang,1
wae.naim,tuturmediadigital,1
wahyu_triyuliantoro,otoproject,1
wahyu_zetyawan29,funderstand.id,1
wahyudineka46,sindonews,1
warasujitak,sindonews,1
warta.banyuwangi,timesindonesia,1
watse_84,jabarekspres,1
welgi_afdana31,officialinewstv,1
wendah490,anaktambang,1
wendrizal77,sindonews,1
whprakoso,cerah_indonesiaku,1
wildang_abu_fadhlan,sindonews,1
wilson_albasri,distanparikpml,1
wily_setia30,bitorexpost,1
winarta_akz,sindonews,1
winman007008009,anaktambang,1
wira.hadi.kusuma.7568,sindonews,1
wiranataasworodarsana,bitorexpost,1
wongtamin,cerah_indonesiaku,1
wuri20984,webekspor,1
wwenehh,luarbioskop,1
xlemanzupx,bloombergtechnoz,1
xyztarlight,investordailyid,1
y_______e_______n________i,infobanyuwangi,1
yandijoee,sindonews,1
yanditarigann,bloombergtechnoz,1
_dewisri.dsy,luarbioskop,1
yantok7735,sindonews,1
yaqeenmnoor,sindonews,1
yatty70,akademi.antikorupsi,1
yayatsuprianto,kompascom,1
yeddymulyadi,luarbioskop,1
yepeeaja,koranbaliexpress,1
ylndsj,sindonews,1
ymanda_sari,feedcollective.co,1
yogiaryo439,kompascom,1
yogie_basri,sagoetv,1
yogiijepee,jabodetabek24info,1
yogsjourney_,bloombergtechnoz,1
yosia14,radiopatria,1
yudhie_1984,koranbaliexpress,1
yudiantodody,radiopatria,1
abchopq,luarbioskop,1
yuhankurniawan,kapitalismarket,1
_mon97,luarbioskop,1
yurikaputri067,investordailyid,1
yusoktavia09,official_nasdem,1
yytri89,tribunnews,1
zain_abdul26,murianewscom,1
zakyrivano,komnas.ham,1
zaskia.salsabila.733,manofourtimeid,1
zerosixnineeight,radiopatria,1
zhyezhaa,astrobike.katalog,1
zifauzizuaf__,growminingcorpindonesia,1
zigyzikraa,lifeatgenb,1
zikrisaputtraa,cekberitanya,1
zildran27,koranbaliexpress,1
_galuh666,jabarekspres,1
