post_id,post_owner_username,count_post,comment_count,unique_commenters,total_comment_like,post_like,post_interaction,comment_id_list,commenter_list
DWub4RBAX-U,agam.munawar,1,1,1,0,47,0,['18358255525224176'],['isyaknurhadi']
DXRYC7bCerP,agussupriyantobq7,1,1,1,0,1,0,['18119273524656312'],['mahardiansamarinda']
DXGBhi1gSTE,ahdahmaulana,1,3,2,0,17,0,"['17874237840590144', '18090198464236516', '18347858413243288']","['gendhoek_limboek', 'verd7007']"
DW0RSc7kaRM,akademi.antikorupsi,3,4,4,3,70,0,"['17901118548416082', '18069264401375968', '18081834446093216', '18343744066214980']","['bilic_indonesia', 'monsun_17', 'ratna_aden', 'yatty70']"
DXGKjxNEmGJ,anaktambang,1,10,10,16,1869,0,"['17875746360581424', '17931612375238612', '17945860281160056', '17954794545120800', '17960802039097478', '17977050347992072', '17985416378800392', '18089902255961972', '18094711025036048', '18175513492393936']","['adi.putra.75209', 'excelsobraziliansantos', 'gdl_fotografer', 'hairil_gaskin', 'khemkorner', 'rachmat.suhendro', 'sssaaaaaaalll', 'vrvalent46', 'wendah490', 'winman007008009']"
DW-MBaVCcBN,anggadrumaholic,1,2,2,0,10,0,"['17946705684138820', '17970202919881520']","['bababigonthebike', 'refliaisyah']"
DWx_lbfEZL2,apaajapku,1,3,3,1,38,0,"['18089249924191636', '18116667775711452', '18568136428000260']","['francesumayow', 'kaneta.sticker', 'rahmat_jeri1']"
DW2_7vNkRTn,aqielr15,1,3,3,0,7,0,"['17905514244226072', '18313382278259072', '18393666625153800']","['cintamelodyy_', 'ekonomienergi_up45', 'reynal_da']"
DWnk2IEE1uv,ariusama20,2,2,2,2,3,0,"['17875986612559964', '18149870482415224']","['alamsemesta189', 'arz_opini']"
DWqLwDBjtAz,arkaproject.idn,4,6,6,0,10,0,"['17861935527619398', '17916979956343040', '18004329680884212', '18093868721137776', '18095695085010932', '18388890343084048']","['aanurdin001', 'agustiawan_winardi', 'faisalladamm', 'fajarhitammm', 'masrahman008', 'pancasetyawn']"
DW54UU8jpvA,arkaproject.idn,4,1,1,0,5,0,['17914868121347336'],['hisyammtaufiiq']
DW8resNkbt0,astakomunikasi,2,5,5,1,30,0,"['17856508629633420', '17869673283604582', '18092240270149724', '18098257199093496', '18110413228799856']","['_warmindostory', 'aan101425', 'khayfazar74', 'nellysafitri14', 'rizkyjokeja']"
DW2wD6CmIsS,astrobike.katalog,6,4,4,4,15,0,"['18074447639208124', '18085646405523056', '18087417110205908', '18126530095589932']","['brianrahmadn', 'dadi_rahman_dr', 'panjimulki', 'rnaufallll']"
DXGuHnEklZi,astrobike.katalog,6,2,2,2,9,0,"['17965289817060668', '18099788641797648']","['endahnu', 'mhmmdadry5']"
DXLVzrIkkMv,astrobike.katalog,6,2,2,2,9,0,"['18353798377238256', '18360525229230728']","['elcoroch', 'febri14300']"
DXOC86OEvMh,astrobike.katalog,6,2,2,3,12,0,"['17884340157509300', '18096515300279148']","['nhs.post', 'ninoright']"
DW8QrfEmJZM,astrobike.katalog,6,1,1,1,11,0,['17895498948442092'],['zhyezhaa']
DW06GaYk4ny,autotivo,4,1,1,0,66,0,['18088064117591284'],['bydlombok_']
DWqzpO0iTMf,autotivo,4,1,1,1,38,0,['17902416441240544'],['rifqisyalim']
DW72W1JEYM1,banten.feeds,1,10,10,960,2216,0,"['17876735637563216', '17969232378044598', '17971400283043032', '18042213107550708', '18053872562709980', '18070091732659432', '18099697093802868', '18100372996957284', '18129793483494748', '18177959632391528']","['bangrikibatavia801', 'edyalnur', 'iyolah_72', 'kak_bho', 'keanuabhivandya', 'lis.dyah', 'ptpesonapariwisata', 'riniyulia790', 'riyani_twins', 'setiabuddi']"
DWyvRUcjWSF,beritasatu,1,1,1,0,222,0,['17920576788295962'],['bento1ko']
DV-MbYoERU5,bitorexpost,8,10,10,4191,23949,0,"['17866374420603020', '17878985490522444', '17943259524154808', '17955876129102156', '17963251245055932', '18076283990410672', '18125841166577312', '18163133638419948', '18194053312348648', '18570820852025672']","['aura_deluna_', 'bi_lang_', 'freedome4palestine', 'gahars_official', 'kata2_tak_tertulis', 'priambodopongky', 'robi_scorpion', 'ronnypunya', 'ujangaripp', 'uncle.dionsu']"
DWvST1kEZ15,bitorexpost,8,10,10,82,1770,0,"['17854509117638740', '17907535944385834', '17967798123045952', '18027843668805056', '18142707874494760', '18149520622461180', '18198906040353568', '18228832648312288', '18348836191213892', '18516708763075428']","['alamsah_48', 'arkho91', 'astor17027', 'dsfrozenfood', 'indra_aetiawan', 'ipenkun', 'namakuyuldi', 'starleo164', 'urs4major_', 'zinprimadew']"
DWyVlLxkVyP,bitorexpost,8,10,10,357,4997,0,"['17865681099611056', '17865826797657208', '17881291674396076', '17991508790779516', '18028767941645996', '18066789245650232', '18074423162207232', '18088470566225280', '18105535655497108', '18586235170063364']","['anneemih', 'djihad_08', 'elvina.tjhan', 'emanwahidinj', 'harryseagal4', 'maru_0392', 'ron_stry', 'roynurm', 'rzky80465', 'wiranataasworodarsana']"
DXDyZBFETpR,bitorexpost,8,6,6,1,389,0,"['17884502370500270', '17960080655935280', '17966391845905964', '18073869662640916', '18114173662687244', '18178340728350272']","['amarilido11', 'artur_chen_jerwmy', 'denantaaaaa', 'evita.do', 'kevvphotographer', 'wily_setia30']"
DXD_45eEWTA,bitorexpost,8,2,2,0,215,0,"['18092214401175924', '18314357569259880']","['andi_tenry_famory', 'renedias.mg']"
DVYL4DRkl0g,bloombergtechnoz,3,10,10,89,2903,0,"['17848671690661448', '17908227978180436', '17943161946131780', '18039677303537768', '18095253613999600', '18109249768748476', '18118019914533772', '18156380689434064', '18414976195124240', '18454574554098740']","['adwi.hantoro', 'antoni_widjaja', 'meisahardika', 'muhandhika_eco', 'nicegift_id', 'pemberimandat', 'rayhanlexandra', 'ryantwensley', 'yanditarigann', 'yogsjourney_']"
DW8NM8PiVBP,bloombergtechnoz,3,5,5,4,0,0,"['17883556659532514', '17897144598425344', '18085146446605424', '18107674987860752', '18366778858204336']","['malikininspiratif', 'pemberimandat', 'rando_arsyad7', 'rikypermana_brt', 'xlemanzupx']"
DW2Yw1bCD_i,borobudur_news,1,1,1,0,32,0,['17941054575168472'],['indra.christianpatrick2017']
DWftuJaE3J0,cakinvestmentclub,1,1,1,0,0,0,['18099770785779136'],['einsten_davidson']
DXG-5qxn4p2,cekberitanya,1,4,4,0,57,0,"['17975675390851820', '18032537051633584', '18060580739422616', '18120109336714128']","['akmallmulnaa', 'ameliarhmwt1', 'anitalstri11', 'zikrisaputtraa']"
DW8tTW-E4nz,cerah_indonesiaku,6,10,9,36,5305,0,"['17856829563689724', '17876390976568710', '17897669532288268', '17917569741411748', '17917846248343226', '17940295458193294', '18069198167413192', '18083667488624696', '18092888465328992', '18175145074395452']","['bint4n972', 'hafidahmadf_18', 'mhmdvrgii', 'nuriladi', 'phantomplanet_xx', 'pramukaoganilir', 'taufiklexo8389', 'whprakoso', 'wongtamin']"
DXWW8aiE4yF,cerah_indonesiaku,6,1,1,0,67,0,['18138694156514036'],['djonichew1071']
DXOwiegknjv,cravinginformation,1,1,1,0,31,0,['18004735211883826'],['rina286_']
DWtRgx9Ek-P,cryfex.id,2,6,6,0,350,0,"['17938585029190752', '18079820639384168', '18095555411087864', '18097019357016792', '18128405833562000', '18440259637114288']","['aaalbertob', 'bangleo.fx', 'ezzadwik', 'kuacikering5', 'nuraini.nadia.75', 'pepu20___']"
DWwRZYgknDA,danurenjaya,1,1,1,2,0,0,['18114774028707196'],['hernady_fr']
DVx7A-ek8v3,daripresiden,1,10,10,184,1098,0,"['17934554955039444', '17957880830932928', '18000617759909104', '18044476814737568', '18081380972459192', '18098208763760704', '18104437306857360', '18120059842541692', '18123791782506592', '18157756651430644']","['aan101425', 'andiconyputroe', 'bintangnani91', 'elmayatigoenawan', 'heindrow', 'ilhamkaru', 'jendrasyaiful', 'nandia2307', 'nengkarawang3', 'setyod2']"
DW-hbN7k5JD,depokhariini,1,4,4,0,39,0,"['18099830705064560', '18107153299722164', '18178548889391528', '18576555505023912']","['drawinn_00', 'kikiw_2026_', 'rucytriadi', 'tono.william']"
DW-1HMJidi4,depokseru,1,1,1,0,1,0,['18082133693610200'],['partainasi.id']
DXQLEdjEgIV,dewanenergi,2,1,1,0,77,0,['17897136024286756'],['sertifikasi_kompetensi']
DW757sKETYo,distanparikpml,1,1,1,0,25,0,['17993300663951128'],['wilson_albasri']
DW0j0fQkQ8c,djebtke,3,4,4,1,154,0,"['17925763269090712', '18075268124195948', '18099107380963396', '18116517733661412']","['geodipaenergi', 'geodipaenergi.patuha', 'rifnaldo_karangan99', 'stempel_stampo']"
DW2lhKEjz-u,energianusantara,2,1,1,0,15,0,['17949510105009276'],['arkorahydro']
DW84vhRCdp5,enternusantara,4,4,4,0,109,0,"['17882637654531812', '17907492666389536', '18024376748813696', '18173149360396200']","['alifianrg', 'asukahana', 'karerekaka', 'riyastiicr']"
DW3kRMRCZ9X,enternusantara,4,1,1,0,83,0,['18098120468472752'],['riyastiicr']
DWysmPqCX_O,feedcollective.co,3,10,9,80,626,0,"['17883892809481508', '17955390345066808', '17973183053859804', '17991502085780756', '18001921112864888', '18053449904499756', '18099215785969456', '18161273656430568', '18369844561161336', '18435841495184068']","['_arelov', 'aditya_rockin', 'arsn_try', 'dianalstr14', 'dwifirdaus_11', 'faqihh43', 'mybeauty.shopee', 'rizkirezeki', 'vdwntr30']"
DWz6i3cEvtu,feedcollective.co,3,6,6,0,250,0,"['17967593130050666', '18059146133447716', '18061387745414928', '18068693501319168', '18311017018276848', '18434362183187680']","['alvian.dawenan', 'azizhasibuan_', 'dwighthendro', 'kekenabdullah', 'ujange_19', 'ymanda_sari']"
DWqWUedCUHd,funderstand.id,1,1,1,0,4,0,['17874997419563788'],['wahyu_zetyawan29']
DW1BCwkE9BM,genbanteng,1,10,10,4,197,0,"['17924138961278708', '18077149460450536', '18082977797580396', '18097122896082316', '18097738190098384', '18118046755648332', '18199496143341352', '18332268280300184', '18354211612234644', '18368676859163408']","['badarbaghraf1', 'billo.west', 'isanurachmad', 'khris_chelsea', 'm.amindjakfar', 'majapahit0514', 'mister_lipe007', 'rbmohshaleh', 'rilasusiana13', 'syandy1212']"
DW3aAoAlPmW,genergibersih,2,10,10,2,312,0,"['17939658591177936', '17951527710105292', '17971910877041094', '17984476472797704', '17990109113785422', '18002766371731852', '18089576441353996', '18091786202177088', '18117361870660300', '18126794464590500']","['________naba', 'ashza_ras', 'daffakhoiri13_', 'fadlanahya', 'note.dedi', 'salsabillaurel', 'syahrulnr23', 'szahrxx', 'tii_aa37', 'trashranger.id']"
DW3PxAmkqPK,giz_idasean,2,1,1,1,53,0,['18147035374484248'],['candi.architect']
DWz60LyjfaO,greenpowergrouptbk,2,4,3,1,3,0,"['18086141384458380', '18100262711491432', '18243502390306212', '18576741304019576']","['moulidfajri', 'naufalhabibi21', 'rezaaldiprtm_']"
DXIhIfKAQsK,greenpowergrouptbk,2,2,2,0,5,0,"['18075517853308328', '18076777436445164']","['naufalhabibi21', 'ubaid__nur']"
DVfMDX4Del9,growminingcorpindonesia,1,1,1,0,11,0,['17877555213529208'],['zifauzizuaf__']
DWBw6RTkmIe,harian.disway,2,2,2,0,54,0,"['17914946397329004', '18330628777216328']","['suhendroabuhaidar', 'ugint808']"
DW2rjxbEtGm,heraldsulselbar,1,4,4,1,22,0,"['17935935237197760', '17942617791180316', '18024145898807680', '18581793973046072']","['asril_azka', 'azkyyy_1', 'ndianwar', 'ull_unk89']"
DWohMzgAf13,ikiloguntor,1,1,1,0,8,0,['18148233790485596'],['rzky_percil01']
DXEPjo_ismE,indo.flashid,2,4,4,0,443,0,"['18065657213659968', '18108564163851136', '18113124898751712', '18405766609182880']","['anasrul_0', 'kayaknyaiqbal', 'merchandise_original_persib', 'tututata151']"
DXJbgfEGTbr,indomine_id,2,1,1,0,7,0,['18017795450669956'],['arief.s.marsis']
DW9e8nvk29r,indovibing.id,1,7,7,4,334,0,"['17919042237342592', '17962223496066664', '18093349970272096', '18099853564971192', '18120904528626992', '18132411526555808', '18141968410498200']","['_anhso', 'davidsonkarokaro', 'deharja77', 'mechviator14', 'rambeomar', 'samiun1976', 'tututata151']"
DWNtzKikVpN,infobandaacehs,1,10,10,10,0,0,"['17886581103354302', '17893408572431712', '17946791202128796', '17972698560001524', '18072356066241904', '18079175141622260', '18093427292039484', '18098164088054048', '18124526110517408', '18126226483571584']","['jibranmahesi', 'kazooel1933', 'masih_santai678', 'muhammadsabriii', 'nurulbtfauzi', 'raja_makeup23', 'sandibinara', 'tata_ferdian', 'tuanaqsa', 'vizhckerz']"
DXRhNIfEoYv,infobanyuwangi,1,10,10,4,150,0,"['17856886182651460', '17858235693632964', '17947465338141224', '17973549342030920', '18051149417722744', '18101220457807384', '18111793213836848', '18111962650840196', '18538011517068136', '18578495818039384']","['bratayudhanamakoe', 'dynemc2.0', 'febriiblink.16', 'gilang_tjuk', 'grillsuki_banyuwangi', 'in_house_0', 'jiggy_jig30', 'sayurmayurtasik', 'sger_waras', 'y_______e_______n________i']"
DW8SYmLGnkD,investordailyid,8,10,10,7,153,0,"['17853367317645192', '17896404228286122', '18060465701416520', '18068899949315808', '18075097577444104', '18086240750013364', '18093889391516452', '18097206590042232', '18110653360830040', '18111488551696668']","['_vha.00', 'andriyan_senpai', 'anjuransaham', 'atasnamasayasaja', 'budi_angkringan25', 'feb.rmd', 'justme.20241', 'lemangowner', 'pengangguranimut', 'xyztarlight']"
DW8xSBIDWBD,investordailyid,8,5,5,0,144,0,"['17934520203051556', '18095646443011288', '18132877741480964', '18160202032382372', '18230489248308204']","['arif.satia', 'justsomeone.rd', 'raden_maszamroni', 'rambeomar', 'rizkiaazzani']"
DXT5ASQjvvd,investordailyid,8,2,2,0,43,0,"['18065247329341028', '18101306465491128']","['immanuelsr', 'mohamadrizkyadzano']"
DW5EWsdDbMv,investordailyid,8,1,1,0,27,0,['18075863459178672'],['immanuelsr']
DWv14AJFe7w,investordailyid,8,1,1,0,87,0,['17863109964548536'],['yurikaputri067']
DXL82htlPP3,investordailyid,8,1,1,1,45,0,['18092729336127320'],['mpakhrur']
DWX-AxgmNNR,jabarekspres,1,7,7,4,13,0,"['17962869114052116', '17982881009986428', '18093539003024808', '18096694988045864', '18106670417503424', '18114643630678832', '18318065110255468']","['_galuh666', 'apihjajadipraja', 'ayuliindriani', 'danimaziza', 'iyan.rahadyan', 'slaveoftool', 'watse_84']"
DW-jV3qidTD,jabodetabek24info,1,3,3,0,21,0,"['17957184693086144', '17981537190001784', '18075838961565052']","['bangedhyompong', 'fa.rid5440', 'yogiijepee']"
DXWvqB3mEp5,jakarta_headlines,1,2,2,2,0,0,"['18002345894873396', '18086332013609804']","['dennysanjayasanjaya', 'reinheart_damanik']"
DW-xcVbk1TZ,jakbarviral,1,1,1,0,11,0,['17874539475453664'],['ahmadnursubekti']
DW1SDsWCe4U,joeliardisunendar,2,1,1,0,132,0,['18112502287760592'],['rays_mans']
DXXCUilGgub,kabarciledug,1,2,2,3,105,0,"['18079023944563888', '18109993036868408']","['aldieysh', 'rsma.39']"
DXL62SokhYt,kabartanpadelay,1,2,2,0,2,0,"['17855408991650224', '18059976188440060']","['arifcassa', 'sandianandar']"
DW8Eou4mgGg,kapitalismarket,10,5,5,0,0,0,"['17882852076525626', '18068671367316252', '18077577731389072', '18094571789030752', '18132231472549412']","['anggarasagung', 'bingungsanasini2025', 'didinsahruddinfirdausy', 'permadi_jaya_las', 'yuhankurniawan']"
DW0mR0Cmhpx,kapitalismarket,10,1,1,0,0,0,['17915988672346664'],['reza_fahleviiii']
DW8LkJ0mj7i,kapitalismarket,10,1,1,0,0,0,['18128260360561120'],['lambe_turah505']
DWBys5pD0m2,katadatacoid,2,10,10,57,1365,0,"['17918168217294064', '17965998434896100', '17997730640867384', '18060852551379740', '18077201336438500', '18081116249608264', '18110530051739048', '18333259669174644', '18353931598227528', '18451089280107132']","['david_w_sujarwo', 'fazrisywbznntdm', 'goodyeay', 'marthin_jacobs', 'noe.rucon', 'raja_springbed', 'sablonjambi', 'skimidot22', 'ulceland', 'veny.vixki']"
DW0Qbfjkvr2,katadatacoid,2,6,6,7,133,0,"['17953748541105204', '18080254748437312', '18095090804026744', '18177356230387572', '18206330086336212', '18363444694207104']","['_be_worth_it', 'andrefebrian444', 'matriyadi', 'parvasani', 'touristkeren', 'veronicamay_dr']"
DW-dDyakawK,katadatagreen,1,1,1,0,56,0,['18455909413109656'],['romoraedwards']
DW1SWDUGB9Y,katakitaig,1,10,10,592,1207,0,"['17866066692536132', '17875814421571794', '17913518205360876', '18053419187503672', '18086214926210248', '18099997564974264', '18304186627262952', '18321229519280244', '18386237935088272', '18405367360182108']","['deviratnasari1212', 'dhila_meong', 'hardi.aswin', 'hastutiwuri', 'ikasetyawan25', 'jhanyshopcod', 'mama_rengganis', 'putrianggraini683', 'queenajjakarta', 'relymalina']"
DW3elbPD6xY,komnas.ham,1,4,4,3,92,0,"['17878206891432042', '18078519128627344', '18088334594193424', '18090303692331984']","['akmalrosihan', 'andre_pupun', 'ekhoirul8', 'zakyrivano']"
DXHKk2kFLlE,komparasinews.id,3,1,1,0,4,0,['18099633583820968'],['supermie.hobbies']
DWs95Yskm5Z,kompascom,2,10,10,23,996,0,"['17875529577561556', '17880866514399132', '17887881354463960', '17932840947054996', '17932898373054344', '17965949870899034', '18079221902417988', '18091803197333116', '18177291889380616', '18573459355040972']","['abadiabadillah', 'ariy_idzes', 'barbieskyx_', 'gudang.nabati', 'harybudiman23', 'khrris_', 'legnuts', 'rudywijaya.rw79', 'trijafayeldi', 'yani_suroto']"
DXX4vgOkt86,kompascom,2,10,10,246,1480,0,"['17907985752401942', '17934409311226708', '17961248649107768', '18013182947692556', '18021901991821632', '18072155375271392', '18091354241234408', '18223565293314392', '18314472919262484', '18454655101105092']","['avkxena', 'itaa_masitah19', 'marthin080307', 'mohamed_iam_08', 'nazaruddin25', 'omgmicky', 'sir.plants.alot', 'tere616', 'yayatsuprianto', 'yogiaryo439']"
DVf8X92Dxht,koranbaliexpress,8,10,10,2029,1828,0,"['17873849994435984', '17927179752235370', '17927813514227300', '17941671954132744', '17972991194974562', '18056401640695864', '18072719300164368', '18087763672902864', '18088100611908512', '18117073360616484']","['abangjii', 'alief9196', 'cut_dek_pink', 'dhannytama', 'dian_k.pratama', 'hsbluhut', 'om_sullllll', 'ricky6510', 'yepeeaja', 'zildran27']"
DW_fKsfGG64,koranbaliexpress,8,10,10,5,342,0,"['17858126418630504', '17985671555986696', '18046904258732816', '18047888255739656', '18093069515151836', '18109483786880452', '18136972276520336', '18147042358485080', '18205768840328292', '18260382148295560']","['ade7131', 'atstube2021', 'dimas87936', 'fanboygarislucu', 'hajiacac', 'rapinoaja', 'satyrnus12', 'silverstone0017', 'tio.pangaribuan', 'yudhie_1984']"
DWyGUpcmMNt,koranbaliexpress,8,2,2,0,10,0,"['18111009238698272', '18126190300606200']","['idnpolicy', 'qv0x1i']"
DXVUNn2D0mZ,koranbaliexpress,8,2,2,0,21,0,"['18107615080847880', '18434362456137240']","['atstube2021', 'h3ll3ir3']"
DWylQEQGBs2,koranbaliexpress,8,1,1,0,10,0,['18103543366936100'],['khairudinyusuf8']
DXA6yUSmLMc,koranbaliexpress,8,1,1,0,21,0,['18106778095928160'],['khairudinyusuf8']
DW5GRM-kjy_,laporan8.id,1,10,10,16,321,0,"['17893352640450884', '17916823452146408', '18039578579566728', '18074627984296932', '18090668813179884', '18094321865172992', '18100194589813472', '18107365024861736', '18112231204697752', '18333366163222348']","['azton_dj23', 'chairijah5216', 'mauli_daharahap', 'nawangseptia9', 'nurrr2121_', 'sahimal1791', 'susantitine', 'tadikayudika', 'tututata151', 'umarono2026']"
DXDmJvvj90o,lbsurundana,1,1,1,0,0,0,['18107882059883312'],['ceritahijrahid']
DXJgXfXml2U,lifeatgenb,1,4,4,3,58,0,"['18074340638196560', '18090207505957144', '18207814045328020', '18389597782082024']","['iaammaulana', 'rossiagstn', 'syzahwa_', 'zigyzikraa']"
DWvyQVNkkph,luarbioskop,3,10,10,53,1700,0,"['17854771908636820', '17909508528384684', '17969583555020668', '17995797170947152', '18097840432832972', '18098542895079144', '18105360023501244', '18111229204832480', '18179697463391188', '18584703934052640']","['abchopq', 'andro7285', 'bagas_liaa', 'bil_rosmi', 'jouskaaaaaa_', 'k_dem_09', 'nicosaliscii', 'quen_echaa', 'rian65272', 'sentot_id1']"
DXOzN6Xn4_-,luarbioskop,3,10,10,181,1818,0,"['17863292499618696', '17930908776072476', '18077782769158008', '18081004433622096', '18087404330017548', '18101776543768288', '18126759811520080', '18127123639579560', '18140138485507112', '18317815237250080']","['_dewisri.dsy', '_jametbersatu', '_mon97', 'art_lv01', 'aryadmth_', 'maz.t.aja', 'tamajuntak', 'ucup_6989', 'vickyhardinata', 'wwenehh']"
DXTFdeHATYe,luarbioskop,3,9,9,7,967,0,"['17921246721318548', '17972670168039960', '18061828970406544', '18088732532601728', '18090307487465412', '18090850027965008', '18098636036012648', '18150895828467620', '18374151451167688']","['ahliana.co.id', 'gurlsyd', 'irfansaehab_', 'itsmeaccent', 'labuboy_696', 'maullyaariifiin', 'mhr.fiqi', 'mlnaputraa', 'yeddymulyadi']"
DWiKLfVEztM,madiuntoday.id,2,4,4,4,421,0,"['18005187035715726', '18075247145431768', '18080399516390488', '18097391849047712']","['aagknilef', 'mas_hyudha', 'meka007', 's0fyhud4']"
DWtpj15DxW9,manofourtimeid,2,10,10,923,3654,0,"['17855299734636192', '17912036004363894', '17980452023831210', '18046002530747700', '18108361465889028', '18111858274627520', '18125620408604036', '18131092732543600', '18134004841531112', '18197682811348120']","['aditya_uki_nugroho', 'dwilaksonosetyowibowo', 'eyt70', 'ilham_m_ge8', 'indraadityaa9191', 'lucky6276600', 'mal.nurlail', 'sayidulmuhlisin', 'viorettalinda', 'zaskia.salsabila.733']"
DV2z1-Rk6Fu,metrotv,3,10,10,519,4450,0,"['17851848606650336', '17859011016564594', '17879822520491068', '17964404610028966', '17978687006825404', '18046023524716248', '18081421085345176', '18097016164958544', '18160015450441272', '18597987154016316']","['aryonoput', 'budi85army', 'dealerpolygonphoenix', 'ghe_penk13', 'maruf2tangerang', 'night_aftr', 'pnjalubumi', 'samhuda1966', 'suciati7885', 'tovan.z']"
DW3v4tRE0h2,metrotv,3,10,10,14,147,0,"['17885712408495222', '17894092455434784', '18078220331150824', '18101784266479512', '18143097883492552', '18154689322456176', '18170742625405908', '18231267382308276', '18354031507230808', '18366750721203236']","['_thophik_', 'djoko_simbolon', 'dr_amar___', 'dyansusantoo', 'eddie__ngging', 'ekomotormabur', 'feat.fatia1296', 'inpresroad', 'kopianu', 'muhammad.firdaus10']"
DXCFsrTD9iO,metrotv,3,10,10,30,1017,0,"['17871527901603176', '17883762732387376', '17905851243225944', '17948444288983004', '17954682912092168', '17958183144112028', '17991961790778244', '18075945365558344', '18093912671470368', '18348139270215876']","['anna_lim888.id', 'doddrell_tanty', 'evapermatasari25', 'fannyfariano24', 'haritasik12', 'iwan.nug', 'nourshue', 'nugraheni.raditya', 'sahimal5842', 'serafina_aleexa']"
DXMMWACEblu,mhdcclinic,1,1,1,0,27,0,['18077660654542696'],['istamar_ist']
DW0ThFpmU-d,mkiofficial_,3,1,1,1,31,0,['18428060401186880'],['rachmatdosen']
DXOLOtsGROp,mkiofficial_,3,1,1,0,71,0,['18132572704480656'],['mo.moko7390']
DW-65DZkQpE,moltensalt.insight,7,10,10,0,33,0,"['17894461533441268', '17947101174150924', '17981325806824908', '18077452664432368', '18101033263945044', '18105427219727440', '18126388753514352', '18163383301426140', '18197279215357864', '18262527898293240']","['apriliasiskaaaaa', 'bukanagamrinjani', 'dixkyfau', 'elsofiyah', 'karinaardhia', 'katakanpuput', 'malas_bosannn', 'notanoldmens', 'rizalkansaja', 'tedyatmojooo']"
DW51KmIkVQP,moltensalt.insight,7,10,10,0,34,0,"['17877912009558860', '17880339090547742', '17948610824983618', '18061979249386776', '18096665456170180', '18099160835078364', '18099162256806888', '18121689517618528', '18129409132563556', '18349067107242640']","['apriliasiskaaaaa', 'azkiaramadanii', 'hermansyahaditya54', 'hersusiloo', 'ilyashusenramadan', 'karinaardhia', 'katakanpuput', 'puspitaanggraenii', 'tedyatmojooo', 'yulia.nadewiii']"
DWyKO0-EVMm,moltensalt.insight,7,10,9,0,23,0,"['17849080779676184', '17919816975319258', '17944407474152792', '17973875934008318', '17992017998959120', '17995643333762612', '18075290561281444', '18121867252717768', '18161113900428008', '18310424389279392']","['apriliasiskaaaaa', 'azkiaramadanii', 'budakbader0h', 'bukanagamrinjani', 'elsofiyah', 'hersusiloo', 'ilyashusenramadan', 'katakanpuput', 'malas_bosannn']"
DXG3l4QEfPh,moltensalt.insight,7,10,10,0,26,0,"['17896569594439418', '17911793412364498', '17967350574057972', '17988962903977410', '18085336973460976', '18086377628608508', '18093083627152376', '18117701230641468', '18138615814514592', '18578088109037624']","['azkiaramadanii', 'dixkyfau', 'elsofiyah', 'hermansyahaditya54', 'hersusiloo', 'ilyashusenramadan', 'katakanpuput', 'malas_bosannn', 'notanoldmens', 'yulia.nadewiii']"
DXVtmQmEert,moltensalt.insight,7,2,2,0,11,0,"['18040133804571596', '18090347330216544']","['ilyashusenramadan', 'pahotannn']"
DWn5LO3DxTV,mr.opini,1,1,1,0,8,0,['18085200062616716'],['genterpol007']
DVX7KKEkQmh,murianewscom,1,4,4,3,0,0,"['17866653102496436', '17877407520537404', '17890491714434384', '18454070740097264']","['anevsatriani', 'ocaaddd', 'yudhstira.id', 'zain_abdul26']"
DXIYb9Gkr19,naturevolution.id,1,2,2,0,68,0,"['17960165375937458', '18105520445495004']","['ikiriswan062', 'thedancingexplorer']"
DVurt2WkW1x,nkri24jam,2,1,1,0,8,0,['18104610568895956'],['agilhari.s']
DXOtfMQiX3U,official_nasdem,1,1,1,0,32,0,['18102422554943896'],['yusoktavia09']
DW5xtyOAbQR,officialinewstv,1,10,10,36,233,0,"['17933049528233460', '18040454045562460', '18080233628399832', '18088865405256296', '18093711344469864', '18099476260948012', '18104237255494088', '18119634781712740', '18139199761503084', '18413856547130132']","['aiko51621', 'bodyweighttrain77', 'dadinurfauzi', 'dolaycut', 'ekardiman', 'erj199e', 'pakalidrus', 'theumunk', 'tututata151', 'welgi_afdana31']"
DW0pgXVE75O,officialnusantaratv,3,1,1,0,0,0,['17881120920541692'],['kevin4627williams']
DWawm7bEUUI,otoproject,7,10,10,11,641,0,"['17882544867491148', '17943344319170316', '17963512905027036', '18004541438883432', '18027589235647168', '18060807170481844', '18093001835124960', '18094240169027744', '18122629315611536', '18171148204400540']","['aeh_thea_', 'althaf_fathan_argifta', 'aryawanfajar', 'bayu_ap14', 'cheryjambi.thomas', 'drambollfc', 'gerryonk', 'gus_slo', 'itshnfrs', 'oktamobstervlog']"
DWiSGnVkS-H,otoproject,7,10,10,382,2455,0,"['17862075513554736', '17895474663284314', '17931301914230236', '17950285428120580', '17955416676065718', '18078609857112640', '18104283799907008', '18314018365256960', '18329264128222036', '18369831166166752']","['adhityadito', 'akhirul_kong86', 'andre_aryudhi', 'andri_g.noviantoro', 'bydlombok_', 'dheni.id', 'meka007', 'nico_perdana', 'ringgalmajiid', 'stevejojonio']"
DWjP8jQkewa,otoproject,7,10,10,53,1305,0,"['17856313956685198', '17922598113275694', '17961127475915608', '17986048160967302', '18016772069667840', '18093772777887400', '18094808239855208', '18099611125778716', '18100760581937100', '18111051475770160']","['andri_g.noviantoro', 'bageur_akang', 'danu.dsgr', 'doomypn', 'edwarjuhandi', 'harry.adi_', 'jefry.wulingbatam', 'robbi.farhan', 'satria395', 'suryadigunawan']"
DXQRj7SD80_,otoproject,7,9,9,413,4744,0,"['17876801127572220', '17885091297475140', '18047556131742036', '18081008630576292', '18085769129340188', '18089329496519724', '18094275365160816', '18133165570542904', '18373199479162756']","['andana.satriya', 'ardiansyahwantjiru', 'd_besar10', 'frijal', 'iam_fauzi99', 'om_ibas_', 'paulinajauhari', 'r1yus', 'wahyu_triyuliantoro']"
DWgbwTUCYvo,otospector,1,2,2,1,309,0,"['18099246574992832', '18116873050711272']","['gifanyslla__', 'im.ullann']"
DW7nlGkEtUV,pestamedia,1,1,1,0,119,0,['18265379836292492'],['mangarawahyudi']
DXJXnO7E3Zs,pln.epi,1,3,3,0,77,0,"['17982855665987106', '18078531992435324', '18080588261103864']","['cfdhack', 'julizar_idris', 'stempel_stampo']"
DXN1ix_kxxF,pln_enjiniring,1,2,2,0,90,0,"['18003834653728344', '18079460957577040']","['kugynana', 'oddangrewu']"
DW6EmWpEYNd,plnip.ubpadipala,2,4,4,5,174,0,"['17997204200937482', '18035729060596800', '18118010113629112', '18523860217073304']","['bahanstempelsurabaya', 'bayu_astrianto', 'gsitest', 'pln.uipklb']"
DXETBRQkYio,plnip.ubpadipala,2,4,4,1,81,0,"['18107951023873384', '18113176732773024', '18121433161628520', '18127464424577536']","['febriyvn.me', 'gsitest', 'pln.uipklb', 'purwanindita']"
DWmNk0rCcdw,policy.pop,1,4,4,0,23,0,"['17880698019397520', '17887499799351112', '18005659700909424', '18098389259091424']","['hudhori.asikin', 'pandu_kurnia29', 'polix_news', 'regi_alfandi']"
DXTf1tGAS_s,porosrakjat,1,2,1,0,37,0,"['17847591240696972', '17854256676642488']",['b.setyo61']
DWyVlsAGMzd,puspenpol,2,2,2,2,67,0,"['17903212509406912', '17922166938297338']","['alfredogustiar', 'tututata151']"
DXQYunJjZoJ,radiopatria,1,9,9,16,394,0,"['17900887335423208', '18038793647790108', '18043720820534552', '18054129716707384', '18089089145261384', '18100160896983808', '18103601825501932', '18113122441749188', '18139863553502240']","['beaconnbine_', 'didik2750', 'fahmimuhtasyam17', 'novendra_df', 'rachmadirwanto', 'satyarwida', 'yosia14', 'yudiantodody', 'zerosixnineeight']"
DW7q-EnCtyO,republikbekasiofficial,1,1,1,0,2,0,['18097813769098396'],['linusvolta']
DXV2B5mklp1,rikasavvyy,1,10,9,0,288,0,"['17899047912427808', '17910453225371876', '18006878675909352', '18066629210654608', '18080847356620380', '18098007806101544', '18113003920692312', '18127011751606108', '18170561518416752', '18456537847128136']","['arief_wowor1', 'bilqis_tsiqlah5', 'haniatul_mardiyah7', 'ihkam_lafiza8', 'karil_camara2', 'mazna_maziya', 'randy_suherman2', 'sani_anami', 'sri_dwiii2']"
DW51dtFkjHN,rimbasatwa.id,2,2,2,1,648,0,"['17867977089512428', '17978366204842608']","['agung.purnomo18', 'narasiboy']"
DXN5gsYESzc,rujakpolitik,1,1,1,0,3,0,['17970581784044776'],['hayanidjowuri']
DXReTOik68Z,ruteberkeadilan.jabar,1,1,1,0,65,0,['18102381712784380'],['visyabiru_']
DV5RQssjhMZ,sagoetv,1,1,1,0,17,0,['17996982428748502'],['yogie_basri']
DW20OuVjQ-3,satukanjiwa2024,1,6,6,1,112,0,"['17942563749177024', '18105398407917848', '18105795031910748', '18307648516272088', '18419428759127556', '18576347521041732']","['cerah_baru', 'dinosau12us', 'kadal.buntet', 'kebo.budhuk', 'kelaut_aja', 'kucrut.bangke']"
DW_IYV5E1YC,satupersenofficial,1,3,3,1,666,0,"['17983057814995288', '17989130891792002', '18587169076044304']","['kerjamuid', 'petabazi', 'syauqi_mezal']"
DW-mbaxkxnP,sawanganupdate,1,2,1,2,7,0,"['17987502122971698', '18095479430025456']",['luqmandiyah6']
DXREe3dEdW2,simakpolitik,1,3,3,1,0,0,"['17883611619515242', '18098297531012884', '18129734248566320']","['arta34422', 'ikie_ramadhan', 'indovolix']"
DTUONtoiBGP,sindonews,14,10,10,11,137,0,"['17844607950669010', '17888449410414536', '18081141623520280', '18085743362118040', '18088513403080520', '18103409476753464', '18154304299424144', '18188863102350456', '18250242958290412', '18308170228249324']","['adamramadhan767', 'bem_su1', 'brohar85', 'itongeka', 'juangjoko', 'kurnianto_susetiyo', 'law_roes', 'sirdonda', 'swarnorudi', 'wildang_abu_fadhlan']"
DW6QBgDjx6V,sindonews,14,10,10,3,417,0,"['17935517388206432', '17964422142059172', '18040479482602896', '18067368581658640', '18086105771350164', '18098813387089016', '18131413669486160', '18170174326408064', '18177672418390532', '18576496960047216']","['amiensedunia', 'haris449077', 'harya_pharis', 'ikhwan.averoes', 'kartika1654', 'marhendraputra', 'muhammad2389arif', 'riisestia', 'wira.hadi.kusuma.7568', 'yaqeenmnoor']"
DWtltb_ARIZ,sindonews,14,10,10,13,242,0,"['17893143975311628', '17905278981222244', '17973857541007108', '17980069853829260', '18059827598447960', '18061027982678688', '18087334450994588', '18101232862764652', '18103039192935336', '18130021930488968']","['4l3x42022', '76henikusumawati', 'ayub7505', 'bslaksono', 'ichlasmohamad', 'nitamia38', 'om_nyoss', 'selamatabdurrahman99', 'yandijoee', 'ylndsj']"
DXF8XgRDd4w,sindonews,14,10,10,63,1813,0,"['17856087498634698', '17870625387600022', '17875215960574434', '18050402594727848', '18066675092674728', '18090750665351648', '18101051657070048', '18110728993852312', '18112061644693336', '18577826722000652']","['aguspriyadiw', 'aswan2184', 'evander_manroe77', 'fitrianto971', 'indra_rachman19', 'mglenak', 'parap129', 'passeljemmy', 'resepnffam', 'rudi_wassalam']"
DXWtqK3GHhf,sindonews,14,10,10,125,433,0,"['17859942489628970', '17912550084365120', '17984998049813860', '18082016471624728', '18090955348955596', '18094721999468808', '18102527695761260', '18103337638759272', '18121539421619336', '18189485719371104']","['aadhigunawans', 'dion_siagian', 'hendriusman52', 'lenibit.ch', 'marcoovp14', 'prittapaw', 'rezapahlepie1', 'suny1752', 'tiar_19', 'wahyudineka46']"
DWZ2XSFCabs,sindonews,14,8,8,1,99,0,"['17852161890647764', '17879283936538536', '17999548970870822', '18077335766627668', '18088601216265956', '18094838558086280', '18210754378323092', '18389943298157132']","['didinsahruddinfirdausy', 'dngcahyok', 'ikayaji2407', 'nation_027_', 'nugraha.1st', 'richard_ucayz', 'twentytwoninetyfour', 'winarta_akz']"
DW347FzAYgM,sindonews,14,7,7,1,166,0,"['17874178032453656', '17941415145168574', '18094878164037060', '18110783044836848', '18353538265235140', '18353854108238352', '18356525491232928']","['achmad_mujaeni', 'andre2gd_', 'marhendraputra', 'nabilxcy50', 'ugint808', 'vetboys24', 'wendrizal77']"
DXCe-c1Cjt8,sindonews,14,6,6,5,239,0,"['17877350949572104', '17921366295123968', '17966871471049236', '18077637524206216', '18101477509758324', '18355112752236368']","['bananafirza4', 'gputra_andreass', 'penguasa.kegelapan666', 'renoor281971', 'samaranantonio', 'syane.elis']"
DWshGpbkf0E,sindonews,14,3,3,0,177,0,"['18013130492686560', '18098231056996936', '18443785288115132']","['mhalim_real', 'rwt_ramadhan', 'warasujitak']"
DXB3h1cjauU,sindonews,14,2,2,0,324,0,"['18060236603422432', '18422417959121772']","['0h_gituh', 'grendygrey']"
DW8nDwWAeI-,sindonews,14,1,1,0,33,0,['18099808372971168'],['yantok7735']
DWtpFf8iSgz,sindonews,14,1,1,1,149,0,['18002916053880762'],['noorhasanah7757']
DXBz-i8jYcK,sindonews,14,1,1,1,110,0,['18066485720451604'],['ezazafin']
DW9TMLzEtZB,solehchemist,2,5,5,4,56,0,"['17864411175614930', '17928355023254982', '18118197499730304', '18337748788170268', '18579788344057284']","['hallorew', 'liyasf', 'maskhaizan', 'riankapraja', 'satriagasa']"
DWiyLD2kgck,sorot_tanah_air,1,3,3,0,5,0,"['18097602782049640', '18305126554262884', '18453497398105528']","['bennyarief46', 'r4ndy.bouled', 'rahmadsaidah09']"
DXI5fA1kiuf,strum_id,1,1,1,0,8,0,['18061352165414896'],['notes123456789ku']
DXRbGtZDWwE,suaradotcom,1,10,10,23,144,0,"['17935181703212996', '18007951607902180', '18010695503700356', '18047152169741992', '18095926070120948', '18096428153322824', '18101647877488328', '18109103194681444', '18122367718718076', '18213089041326328']","['___santosoadb', 'along_ai', 'caapciipcuupp', 'chris.tobing', 'desiantoerwan', 'diosbright', 'dutarzqcmrlg', 'farelmaliq944', 'r.o.k.y6.87', 'shashamarrysha']"
DWYIcV8mv2I,sukabumiupdatecom,3,10,10,13,490,0,"['17858258931680958', '17858501187678356', '18024733094654460', '18073396409202572', '18076496063533680', '18083154434595616', '18097122217828776', '18111048679704592', '18127768867561228', '18314310775280072']","['ariarya5858', 'arifyuspiana', 'bukan_ayyub', 'bunda.kkdd', 'fren_fc', 'kemalhanafii', 'kosasihaditya_', 'lugina_kurniawati', 'm.abdullatiip', 'mumun.maemunah.587268']"
DWipcEjAVKS,sukabumiupdatecom,3,7,7,4,244,0,"['17856946572683244', '17880078780551656', '17930121591243292', '18098281672825352', '18099970543787160', '18108346216867300', '18125891254603948']","['abiyumna09', 'aditya_surya_mandala_putra_s', 'ahmadaris.ahmadaris.1', 'lutfi.yossi', 'panduanggasta', 'rizky_binahong', 'slahs_gavi']"
DXVtsuNFHFY,sukabumiupdatecom,3,2,2,0,46,0,"['18077924600168336', '18119976538632504']","['nutaraulin', 'tri.martu']"
DW5eYV2kgcx,syamsiro,1,2,2,1,51,0,"['17902269636408362', '17961456347924770']","['mujiunimma', 'myvetnadine']"
DWvgezhiWuL,tantriianita,3,3,3,3,0,0,"['17959919769105376', '17961449243918208', '18038640779575712']","['arsfz__', 'ehsan.nura', 'ghfrihms_']"
DW2flBhCQ2X,tantriianita,3,1,1,1,0,0,['18446113258119336'],['asriani_amiruddin']
DW0H-FXGNhP,theglobeconomy,5,7,7,1,137,0,"['17878829310545916', '17999229098868416', '18014366831841092', '18069891323292916', '18117510379730036', '18121374592626132', '18126340924607232']","['5_famiily', 'dessy4474', 'qdhier87', 'radenmasarifningrat', 'ryaaannv', 'ssoesan12769', 'syechraden']"
DXImvZYGK8h,theglobeconomy,5,2,2,0,75,0,"['17949988410138540', '18353075332242128']","['dessy4474', 'milan_agus1']"
DW9LFF_GF35,theglobeconomy,5,1,1,0,22,0,['18090587624465952'],['pleiades27_']
DW_idtckxBV,timesindonesia,5,10,10,88,1043,0,"['17906191881391584', '17915507706360588', '18078577877152016', '18084184304089124', '18086250947357468', '18094234172151424', '18096424253035544', '18099336167064700', '18100902337772608', '18112673452813836']","['_ndrok', 'arjbokz', 'ayumegadewii', 'bimmm_______', 'ciaaa_fac', 'firdaus_ahmad_015', 'galihtnml_70', 'lkmn.xx1127', 'nizar9____', 'warta.banyuwangi']"
DW57WO2j___,timesindonesia,5,3,3,1,79,0,"['17854648599638520', '18123991588609864', '18572651584002080']","['bp_sukendro', 'lutfan_efend', 'samyugeu']"
DTNdnzsiLZr,timesindonesia,5,1,1,0,9,0,['18390754951199672'],['satriamedia']
DWmsWOok8kd,tommybr_jipro,1,10,10,595,432,0,"['17858245716583344', '17949079149133156', '17995399700928844', '18016995302668344', '18071823677242096', '18096971179828792', '18123849073607708', '18134366233542148', '18544660012066424', '18571654309028588']","['abiambunten', 'aguzaja01', 'bundayati12345', 'cahayabintang4668', 'ikanasin_tokolima', 'kardiman_saja', 'lullyaryani', 'mina85.rf', 'setyobudi843', 'tyfany_cantika']"
DXEfc_ck4X1,trendjktcom,1,10,10,0,36,0,"['17856851829688120', '17924558322271104', '17932940973226682', '17964168999062824', '18104813251905628', '18122187019715884', '18122982097720788', '18139383433512344', '18158428564446416', '18522098080079284']","['4erielle', 'alwi_gifary', 'arkafarash', 'asep.rahmat27ar', 'fatihdev88', 'fharidotulamanah', 'filaaja16', 'hanatamara70', 'ickromah_uzumaki', 'igpunyaani']"
DVaikSCErvq,tribunnews,2,1,1,0,76,0,['17977379228843052'],['mobilgeelyjakarta']
DW3QmvHmGOO,tribunnews,2,1,1,0,54,0,['17978179124991220'],['yytri89']
DXPG7V_EsbP,tumbuhkaya.id,3,10,10,9,263,0,"['17861689260567380', '17863913052553768', '17931070809072436', '18061398968418588', '18085179182458528', '18100906415293480', '18104665247483592', '18107219833916072', '18109066867882432', '18604310974032556']","['achl.ing', 'aliifjr_', 'cotomatte04', 'donavan977', 'ewfharis', 'gladtribe', 'lennz_shh', 'mulyo_pasoepatisedjati', 'rizky_fernandez29', 'sansthrift354']"
DXStg4gE3pV,tuturmediadigital,1,10,10,10,96,0,"['17847542523697006', '17928664164253004', '17936045871211284', '18043749878548520', '18075969920313376', '18101984737959944', '18103440280944596', '18112410322749424', '18117780052734248', '18161735557376404']","['agusvanhoten', 'ariffaozy2024', 'irfanmohmd', 'jelly.caty', 'miftahfarid.90', 'nickelodeon_blue', 'reinakamoon23', 'syukuropu', 'titisumiati', 'wae.naim']"
DWxvaSMDEh-,updatenusantaracom,2,4,4,1,5,0,"['17910598455366292', '17928957966251672', '18093159542160872', '18094250221891728']","['andy2.1042', 'basyiriskandarsyah', 'dellyfebriadi', 'nyith2']"
DW0A4h-DTi5,updatenusantaracom,2,1,1,1,31,0,['17954169117120280'],['starvbest']
DXQnnA_kf-m,vibesnewssociety,1,4,4,0,0,0,"['17955808278116394', '17992167131953496', '18059422658700712', '18307578685263944']","['austin44163', 'mariotedy_syah', 'matchati.idn', 'paridamrlh_']"
DWs1qbGmCFG,vivacoid,1,2,2,0,217,0,"['17859404100681722', '17962356570078170']","['samaranantonio', 'sumartono.zia']"
DW-w88DAZBb,warga.jakbar,1,1,1,0,81,0,['18096439447860276'],['rex_ray_1']
DV4B7pND4Ob,warta.dotcom,1,10,10,2453,35229,0,"['17857027641623488', '17890906422440828', '17940002802159842', '17950810143116638', '17951615169112056', '17982847364806712', '18088162892334048', '18096471604818100', '18131059012529664', '18313234405256992']","['ageng.pangestu217', 'anjase_xx', 'bakuljamu_91', 'captain_magha', 'delfistjun', 'dodo_grandw', 'eurekatedja', 'friedo.hekya', 'hars_1928', 'ukuimarlan']"
DXNxXCeCXFW,wartaekonomi,3,3,3,1,560,0,"['17911166274382418', '18167961142412760', '18208519468331920']","['buan4545', 'cfdhack', 'mahmudin_karta_wijaya']"
DXOGLa-EnEF,wartaekonomi,3,1,1,0,53,0,['18417982123192044'],['afrynugroho']
DXDhD0Nkss7,webekspor,1,10,10,33,707,0,"['17859190743684548', '17877341343560284', '17949884910122088', '17951630502129762', '18068339126326812', '18095982779041248', '18097329824010796', '18117645838645408', '18174466933402120', '18313502224275044']","['adilsetiawan65', 'arffan37', 'arizfhrrzi', 'ganishalasad', 'kang_dondon', 'ockta_galuh_sipo', 'raden_maszamroni', 'sesaryadi10', 'sonya_on', 'wuri20984']"
DWycmKID_SY,zonaebt,7,3,3,1,63,0,"['17951531483965968', '18078059741415884', '18403156285147652']","['cfdhack', 'oki_boer', 'spraspa']"
DW1UcNij50V,zonaebt,7,2,2,0,97,0,"['17885049672371784', '17920002249320900']","['adeagus19', 'mahasinul_fathani']"
DXWI6_3D07H,zonaebt,7,2,2,2,335,0,"['17891847192456836', '18119581207631864']","['rizqimulyana', 'rsadiesha15']"
DXOecVIj7zg,zonaebt,7,1,1,0,27,0,['17948169315152854'],['lennygorat']
