comment_id,post_id,commenter_username,post_owner_username,mention_count,total_interaction,total_like
18095926070120948,DXRbGtZDWwE,diosbright,suaradotcom,0,2,7
17935181703212996,DXRbGtZDWwE,chris.tobing,suaradotcom,0,2,2
18010695503700356,DXRbGtZDWwE,___santosoadb,suaradotcom,0,4,2
18007951607902180,DXRbGtZDWwE,along_ai,suaradotcom,0,3,2
18109103194681444,DXRbGtZDWwE,r.o.k.y6.87,suaradotcom,0,1,1
18213089041326328,DXRbGtZDWwE,desiantoerwan,suaradotcom,0,0,1
18047152169741992,DXRbGtZDWwE,farelmaliq944,suaradotcom,0,3,1
18122367718718076,DXRbGtZDWwE,dutarzqcmrlg,suaradotcom,0,0,2
18101647877488328,DXRbGtZDWwE,caapciipcuupp,suaradotcom,0,0,4
18096428153322824,DXRbGtZDWwE,shashamarrysha,suaradotcom,0,0,1
18054129716707384,DXQYunJjZoJ,novendra_df,radiopatria,0,1,6
18089089145261384,DXQYunJjZoJ,satyarwida,radiopatria,0,0,1
18103601825501932,DXQYunJjZoJ,yudiantodody,radiopatria,0,0,1
18113122441749188,DXQYunJjZoJ,fahmimuhtasyam17,radiopatria,0,0,1
18100160896983808,DXQYunJjZoJ,yosia14,radiopatria,0,0,2
17900887335423208,DXQYunJjZoJ,beaconnbine_,radiopatria,0,0,1
18043720820534552,DXQYunJjZoJ,zerosixnineeight,radiopatria,0,0,2
18139863553502240,DXQYunJjZoJ,rachmadirwanto,radiopatria,0,0,1
18038793647790108,DXQYunJjZoJ,didik2750,radiopatria,0,0,1
18580864360018064,DXQRj7SD80_,otoproject,otoproject,0,3,99
18089329496519724,DXQRj7SD80_,ardiansyahwantjiru,otoproject,0,39,118
18373199479162756,DXQRj7SD80_,d_besar10,otoproject,0,19,87
18081008630576292,DXQRj7SD80_,iam_fauzi99,otoproject,0,22,54
18133165570542904,DXQRj7SD80_,andana.satriya,otoproject,0,6,26
18085769129340188,DXQRj7SD80_,wahyu_triyuliantoro,otoproject,0,4,8
18094275365160816,DXQRj7SD80_,frijal,otoproject,0,7,1
17885091297475140,DXQRj7SD80_,paulinajauhari,otoproject,0,8,2
18047556131742036,DXQRj7SD80_,om_ibas_,otoproject,0,3,107
17876801127572220,DXQRj7SD80_,r1yus,otoproject,0,3,10
18099611125778716,DWjP8jQkewa,jefry.wulingbatam,otoproject,0,8,23
18100760581937100,DWjP8jQkewa,doomypn,otoproject,0,0,7
18016772069667840,DWjP8jQkewa,danu.dsgr,otoproject,0,0,1
17961127475915608,DWjP8jQkewa,edwarjuhandi,otoproject,0,3,3
17986048160967302,DWjP8jQkewa,andri_g.noviantoro,otoproject,0,0,1
18094808239855208,DWjP8jQkewa,bageur_akang,otoproject,0,0,9
17922598113275694,DWjP8jQkewa,satria395,otoproject,0,0,2
17856313956685198,DWjP8jQkewa,robbi.farhan,otoproject,0,0,2
18093772777887400,DWjP8jQkewa,suryadigunawan,otoproject,0,0,2
18111051475770160,DWjP8jQkewa,harry.adi_,otoproject,0,1,3
17950285428120580,DWiSGnVkS-H,andre_aryudhi,otoproject,0,24,218
17955416676065718,DWiSGnVkS-H,adhityadito,otoproject,0,1,11
18078609857112640,DWiSGnVkS-H,ringgalmajiid,otoproject,0,1,38
18329264128222036,DWiSGnVkS-H,nico_perdana,otoproject,0,7,77
17895474663284314,DWiSGnVkS-H,dheni.id,otoproject,0,5,6
17862075513554736,DWiSGnVkS-H,meka007,otoproject,0,3,8
18104283799907008,DWiSGnVkS-H,andri_g.noviantoro,otoproject,0,4,12
18314018365256960,DWiSGnVkS-H,akhirul_kong86,otoproject,0,3,5
18369831166166752,DWiSGnVkS-H,stevejojonio,otoproject,0,0,3
17931301914230236,DWiSGnVkS-H,bydlombok_,otoproject,0,8,4
18080399516390488,DWiKLfVEztM,aagknilef,madiuntoday.id,0,0,0
18075247145431768,DWiKLfVEztM,mas_hyudha,madiuntoday.id,0,0,1
18005187035715726,DWiKLfVEztM,s0fyhud4,madiuntoday.id,0,0,1
18097391849047712,DWiKLfVEztM,meka007,madiuntoday.id,0,0,2
18116873050711272,DWgbwTUCYvo,im.ullann,otospector,0,0,1
18099246574992832,DWgbwTUCYvo,gifanyslla__,otospector,0,0,0
18171148204400540,DWawm7bEUUI,aryawanfajar,otoproject,0,5,4
17882544867491148,DWawm7bEUUI,gerryonk,otoproject,0,1,4
18060807170481844,DWawm7bEUUI,bayu_ap14,otoproject,0,0,2
18122629315611536,DWawm7bEUUI,drambollfc,otoproject,0,0,1
17943344319170316,DWawm7bEUUI,cheryjambi.thomas,otoproject,0,0,0
17963512905027036,DWawm7bEUUI,oktamobstervlog,otoproject,0,0,0
18093001835124960,DWawm7bEUUI,itshnfrs,otoproject,0,0,0
18094240169027744,DWawm7bEUUI,gus_slo,otoproject,0,0,0
18004541438883432,DWawm7bEUUI,aeh_thea_,otoproject,0,0,0
18027589235647168,DWawm7bEUUI,althaf_fathan_argifta,otoproject,0,0,0
18081116249608264,DWBys5pD0m2,raja_springbed,katadatacoid,0,8,30
17965998434896100,DWBys5pD0m2,fazrisywbznntdm,katadatacoid,0,14,8
18060852551379740,DWBys5pD0m2,noe.rucon,katadatacoid,0,0,10
18353931598227528,DWBys5pD0m2,skimidot22,katadatacoid,0,4,3
18451089280107132,DWBys5pD0m2,sablonjambi,katadatacoid,0,3,2
18077201336438500,DWBys5pD0m2,ulceland,katadatacoid,0,1,0
17997730640867384,DWBys5pD0m2,veny.vixki,katadatacoid,0,3,3
18333259669174644,DWBys5pD0m2,david_w_sujarwo,katadatacoid,0,5,1
17918168217294064,DWBys5pD0m2,goodyeay,katadatacoid,0,2,0
18110530051739048,DWBys5pD0m2,marthin_jacobs,katadatacoid,0,0,0
17866653102496436,DVX7KKEkQmh,yudhstira.id,murianewscom,0,1,2
18454070740097264,DVX7KKEkQmh,anevsatriani,murianewscom,0,0,1
17890491714434384,DVX7KKEkQmh,ocaaddd,murianewscom,0,0,0
17877407520537404,DVX7KKEkQmh,zain_abdul26,murianewscom,0,0,0
18051149417722744,DXRhNIfEoYv,sger_waras,infobanyuwangi,0,2,0
18111962650840196,DXRhNIfEoYv,gilang_tjuk,infobanyuwangi,0,0,1
17973549342030920,DXRhNIfEoYv,jiggy_jig30,infobanyuwangi,0,0,0
18101220457807384,DXRhNIfEoYv,grillsuki_banyuwangi,infobanyuwangi,0,0,0
17856886182651460,DXRhNIfEoYv,y_______e_______n________i,infobanyuwangi,0,0,1
18111793213836848,DXRhNIfEoYv,in_house_0,infobanyuwangi,0,0,0
18578495818039384,DXRhNIfEoYv,febriiblink.16,infobanyuwangi,0,0,0
18538011517068136,DXRhNIfEoYv,bratayudhanamakoe,infobanyuwangi,0,0,1
17947465338141224,DXRhNIfEoYv,dynemc2.0,infobanyuwangi,0,0,1
17858235693632964,DXRhNIfEoYv,sayurmayurtasik,infobanyuwangi,0,0,0
18129734248566320,DXREe3dEdW2,arta34422,simakpolitik,0,0,0
18098297531012884,DXREe3dEdW2,ikie_ramadhan,simakpolitik,0,0,0
17883611619515242,DXREe3dEdW2,indovolix,simakpolitik,0,0,1
17955808278116394,DXQnnA_kf-m,austin44163,vibesnewssociety,0,0,0
18059422658700712,DXQnnA_kf-m,paridamrlh_,vibesnewssociety,0,0,0
18307578685263944,DXQnnA_kf-m,matchati.idn,vibesnewssociety,0,0,0
17992167131953496,DXQnnA_kf-m,mariotedy_syah,vibesnewssociety,0,0,0
18085179182458528,DXPG7V_EsbP,donavan977,tumbuhkaya.id,0,1,3
17931070809072436,DXPG7V_EsbP,ewfharis,tumbuhkaya.id,0,0,4
18100906415293480,DXPG7V_EsbP,aliifjr_,tumbuhkaya.id,0,1,1
17863913052553768,DXPG7V_EsbP,lennz_shh,tumbuhkaya.id,0,0,0
18604310974032556,DXPG7V_EsbP,achl.ing,tumbuhkaya.id,0,0,0
18104665247483592,DXPG7V_EsbP,mulyo_pasoepatisedjati,tumbuhkaya.id,0,0,1
18061398968418588,DXPG7V_EsbP,cotomatte04,tumbuhkaya.id,0,0,0
18107219833916072,DXPG7V_EsbP,rizky_fernandez29,tumbuhkaya.id,0,0,0
18109066867882432,DXPG7V_EsbP,gladtribe,tumbuhkaya.id,0,0,0
17861689260567380,DXPG7V_EsbP,sansthrift354,tumbuhkaya.id,0,0,0
18102422554943896,DXOtfMQiX3U,yusoktavia09,official_nasdem,0,0,0
17970581784044776,DXN5gsYESzc,hayanidjowuri,rujakpolitik,0,0,0
18065657213659968,DXEPjo_ismE,merchandise_original_persib,indo.flashid,0,0,0
18065657213659968,DXEPjo_ismE,merchandise_original_persib,indo.flashid,0,0,0
18108564163851136,DXEPjo_ismE,tututata151,indo.flashid,0,0,0
18108564163851136,DXEPjo_ismE,tututata151,indo.flashid,0,0,0
18113124898751712,DXEPjo_ismE,kayaknyaiqbal,indo.flashid,0,0,0
18113124898751712,DXEPjo_ismE,kayaknyaiqbal,indo.flashid,0,0,0
18405766609182880,DXEPjo_ismE,anasrul_0,indo.flashid,0,0,0
18405766609182880,DXEPjo_ismE,anasrul_0,indo.flashid,0,0,0
18075097577444104,DW8SYmLGnkD,andriyan_senpai,investordailyid,0,0,3
18093889391516452,DW8SYmLGnkD,anjuransaham,investordailyid,0,1,3
18086240750013364,DW8SYmLGnkD,pengangguranimut,investordailyid,0,0,0
18097206590042232,DW8SYmLGnkD,_vha.00,investordailyid,0,0,0
17896404228286122,DW8SYmLGnkD,xyztarlight,investordailyid,0,0,0
18110653360830040,DW8SYmLGnkD,feb.rmd,investordailyid,0,0,1
18068899949315808,DW8SYmLGnkD,justme.20241,investordailyid,0,0,0
17853367317645192,DW8SYmLGnkD,budi_angkringan25,investordailyid,0,0,0
18111488551696668,DW8SYmLGnkD,lemangowner,investordailyid,0,0,0
18060465701416520,DW8SYmLGnkD,atasnamasayasaja,investordailyid,0,0,0
17993300663951128,DW757sKETYo,wilson_albasri,distanparikpml,0,1,0
18333366163222348,DW5GRM-kjy_,nawangseptia9,laporan8.id,0,1,3
17916823452146408,DW5GRM-kjy_,mauli_daharahap,laporan8.id,0,0,3
18094321865172992,DW5GRM-kjy_,nurrr2121_,laporan8.id,0,0,3
18090668813179884,DW5GRM-kjy_,azton_dj23,laporan8.id,0,0,1
18107365024861736,DW5GRM-kjy_,chairijah5216,laporan8.id,0,2,1
18074627984296932,DW5GRM-kjy_,umarono2026,laporan8.id,0,0,2
17893352640450884,DW5GRM-kjy_,tadikayudika,laporan8.id,0,0,1
18039578579566728,DW5GRM-kjy_,tututata151,laporan8.id,0,2,0
18112231204697752,DW5GRM-kjy_,sahimal1791,laporan8.id,0,0,2
18100194589813472,DW5GRM-kjy_,susantitine,laporan8.id,0,0,0
18143097883492552,DW3v4tRE0h2,ekomotormabur,metrotv,0,3,8
18101784266479512,DW3v4tRE0h2,muhammad.firdaus10,metrotv,0,2,0
18078220331150824,DW3v4tRE0h2,dr_amar___,metrotv,0,0,1
18170742625405908,DW3v4tRE0h2,eddie__ngging,metrotv,0,0,2
18366750721203236,DW3v4tRE0h2,dyansusantoo,metrotv,0,0,0
17894092455434784,DW3v4tRE0h2,feat.fatia1296,metrotv,0,0,1
18354031507230808,DW3v4tRE0h2,kopianu,metrotv,0,0,2
18154689322456176,DW3v4tRE0h2,inpresroad,metrotv,0,0,0
18231267382308276,DW3v4tRE0h2,djoko_simbolon,metrotv,0,0,0
17885712408495222,DW3v4tRE0h2,_thophik_,metrotv,0,0,0
18112502287760592,DW1SDsWCe4U,rays_mans,joeliardisunendar,0,0,0
18082977797580396,DW1BCwkE9BM,rilasusiana13,genbanteng,0,0,0
18077149460450536,DW1BCwkE9BM,majapahit0514,genbanteng,0,0,0
18097122896082316,DW1BCwkE9BM,badarbaghraf1,genbanteng,0,0,0
18332268280300184,DW1BCwkE9BM,rbmohshaleh,genbanteng,0,0,0
18097738190098384,DW1BCwkE9BM,syandy1212,genbanteng,0,0,0
18118046755648332,DW1BCwkE9BM,mister_lipe007,genbanteng,0,0,2
18368676859163408,DW1BCwkE9BM,isanurachmad,genbanteng,0,0,2
17924138961278708,DW1BCwkE9BM,m.amindjakfar,genbanteng,0,0,0
18354211612234644,DW1BCwkE9BM,billo.west,genbanteng,0,0,0
18199496143341352,DW1BCwkE9BM,khris_chelsea,genbanteng,0,0,0
17915988672346664,DW0mR0Cmhpx,reza_fahleviiii,kapitalismarket,0,0,0
18095090804026744,DW0Qbfjkvr2,veronicamay_dr,katadatacoid,0,1,3
17953748541105204,DW0Qbfjkvr2,matriyadi,katadatacoid,0,2,2
18206330086336212,DW0Qbfjkvr2,parvasani,katadatacoid,0,0,0
18080254748437312,DW0Qbfjkvr2,touristkeren,katadatacoid,0,0,2
18177356230387572,DW0Qbfjkvr2,andrefebrian444,katadatacoid,0,0,0
18363444694207104,DW0Qbfjkvr2,_be_worth_it,katadatacoid,0,0,0
17903212509406912,DWyVlsAGMzd,alfredogustiar,puspenpol,0,8,2
17922166938297338,DWyVlsAGMzd,tututata151,puspenpol,0,0,0
18126190300606200,DWyGUpcmMNt,idnpolicy,koranbaliexpress,0,0,0
18111009238698272,DWyGUpcmMNt,qv0x1i,koranbaliexpress,0,0,0
17928957966251672,DWxvaSMDEh-,basyiriskandarsyah,updatenusantaracom,0,0,0
17928957966251672,DWxvaSMDEh-,basyiriskandarsyah,updatenusantaracom,0,0,0
18094250221891728,DWxvaSMDEh-,nyith2,updatenusantaracom,0,0,1
18094250221891728,DWxvaSMDEh-,nyith2,updatenusantaracom,0,0,1
17910598455366292,DWxvaSMDEh-,dellyfebriadi,updatenusantaracom,0,0,0
17910598455366292,DWxvaSMDEh-,dellyfebriadi,updatenusantaracom,0,0,0
18093159542160872,DWxvaSMDEh-,andy2.1042,updatenusantaracom,0,0,0
18093159542160872,DWxvaSMDEh-,andy2.1042,updatenusantaracom,0,0,0
17902416441240544,DWqzpO0iTMf,rifqisyalim,autotivo,0,0,1
18093868721137776,DWqLwDBjtAz,faisalladamm,arkaproject.idn,0,1,0
18004329680884212,DWqLwDBjtAz,pancasetyawn,arkaproject.idn,0,0,0
17916979956343040,DWqLwDBjtAz,masrahman008,arkaproject.idn,0,0,0
18388890343084048,DWqLwDBjtAz,fajarhitammm,arkaproject.idn,0,0,0
18095695085010932,DWqLwDBjtAz,agustiawan_winardi,arkaproject.idn,0,0,0
17861935527619398,DWqLwDBjtAz,aanurdin001,arkaproject.idn,0,0,0
18148233790485596,DWohMzgAf13,rzky_percil01,ikiloguntor,0,0,0
18085200062616716,DWn5LO3DxTV,genterpol007,mr.opini,0,0,0
17875986612559964,DWnk2IEE1uv,alamsemesta189,ariusama20,0,0,1
18149870482415224,DWnk2IEE1uv,arz_opini,ariusama20,0,0,1
17995399700928844,DWmsWOok8kd,abiambunten,tommybr_jipro,0,12,105
18571654309028588,DWmsWOok8kd,aguzaja01,tommybr_jipro,0,7,157
18016995302668344,DWmsWOok8kd,lullyaryani,tommybr_jipro,0,12,58
17858245716583344,DWmsWOok8kd,ikanasin_tokolima,tommybr_jipro,0,4,114
18123849073607708,DWmsWOok8kd,cahayabintang4668,tommybr_jipro,0,2,8
18544660012066424,DWmsWOok8kd,bundayati12345,tommybr_jipro,0,0,2
18071823677242096,DWmsWOok8kd,kardiman_saja,tommybr_jipro,0,0,2
18134366233542148,DWmsWOok8kd,setyobudi843,tommybr_jipro,0,2,3
17949079149133156,DWmsWOok8kd,tyfany_cantika,tommybr_jipro,0,2,81
18096971179828792,DWmsWOok8kd,mina85.rf,tommybr_jipro,0,2,65
18005659700909424,DWmNk0rCcdw,polix_news,policy.pop,0,0,0
17887499799351112,DWmNk0rCcdw,regi_alfandi,policy.pop,0,0,0
18098389259091424,DWmNk0rCcdw,hudhori.asikin,policy.pop,0,0,0
17880698019397520,DWmNk0rCcdw,pandu_kurnia29,policy.pop,0,0,0
18125891254603948,DWipcEjAVKS,rizky_binahong,sukabumiupdatecom,0,1,4
18099970543787160,DWipcEjAVKS,slahs_gavi,sukabumiupdatecom,0,1,0
17930121591243292,DWipcEjAVKS,aditya_surya_mandala_putra_s,sukabumiupdatecom,0,0,0
18108346216867300,DWipcEjAVKS,ahmadaris.ahmadaris.1,sukabumiupdatecom,0,0,0
18098281672825352,DWipcEjAVKS,panduanggasta,sukabumiupdatecom,0,0,0
17880078780551656,DWipcEjAVKS,lutfi.yossi,sukabumiupdatecom,0,0,0
17856946572683244,DWipcEjAVKS,abiyumna09,sukabumiupdatecom,0,0,0
18097122217828776,DWYIcV8mv2I,bunda.kkdd,sukabumiupdatecom,0,0,1
18076496063533680,DWYIcV8mv2I,mumun.maemunah.587268,sukabumiupdatecom,0,3,3
18024733094654460,DWYIcV8mv2I,bukan_ayyub,sukabumiupdatecom,0,0,0
17858258931680958,DWYIcV8mv2I,arifyuspiana,sukabumiupdatecom,0,0,3
18083154434595616,DWYIcV8mv2I,kosasihaditya_,sukabumiupdatecom,0,0,0
18127768867561228,DWYIcV8mv2I,fren_fc,sukabumiupdatecom,0,0,2
17858501187678356,DWYIcV8mv2I,m.abdullatiip,sukabumiupdatecom,0,0,0
18073396409202572,DWYIcV8mv2I,ariarya5858,sukabumiupdatecom,0,0,1
18314310775280072,DWYIcV8mv2I,lugina_kurniawati,sukabumiupdatecom,0,0,1
18111048679704592,DWYIcV8mv2I,kemalhanafii,sukabumiupdatecom,0,0,2
17962869114052116,DWX-AxgmNNR,slaveoftool,jabarekspres,0,0,1
18096694988045864,DWX-AxgmNNR,watse_84,jabarekspres,0,0,1
18093539003024808,DWX-AxgmNNR,_galuh666,jabarekspres,0,0,1
18318065110255468,DWX-AxgmNNR,iyan.rahadyan,jabarekspres,0,0,0
17982881009986428,DWX-AxgmNNR,ayuliindriani,jabarekspres,0,0,0
18106670417503424,DWX-AxgmNNR,apihjajadipraja,jabarekspres,0,0,0
18114643630678832,DWX-AxgmNNR,danimaziza,jabarekspres,0,0,1
17886581103354302,DWNtzKikVpN,tuanaqsa,infobandaacehs,0,0,1
17972698560001524,DWNtzKikVpN,nurulbtfauzi,infobandaacehs,0,1,1
18072356066241904,DWNtzKikVpN,sandibinara,infobandaacehs,0,0,2
17946791202128796,DWNtzKikVpN,kazooel1933,infobandaacehs,0,3,3
17893408572431712,DWNtzKikVpN,tata_ferdian,infobandaacehs,0,0,0
18124526110517408,DWNtzKikVpN,raja_makeup23,infobandaacehs,0,0,1
18098164088054048,DWNtzKikVpN,jibranmahesi,infobandaacehs,0,0,1
18126226483571584,DWNtzKikVpN,vizhckerz,infobandaacehs,0,0,0
18093427292039484,DWNtzKikVpN,masih_santai678,infobandaacehs,0,0,1
18079175141622260,DWNtzKikVpN,muhammadsabriii,infobandaacehs,0,0,0
17914946397329004,DWBw6RTkmIe,ugint808,harian.disway,0,1,0
18330628777216328,DWBw6RTkmIe,suhendroabuhaidar,harian.disway,0,0,0
17878985490522444,DV-MbYoERU5,ronnypunya,bitorexpost,0,131,1982
17955876129102156,DV-MbYoERU5,ujangaripp,bitorexpost,0,32,235
17963251245055932,DV-MbYoERU5,bi_lang_,bitorexpost,0,95,1009
18570820852025672,DV-MbYoERU5,priambodopongky,bitorexpost,0,5,29
17943259524154808,DV-MbYoERU5,gahars_official,bitorexpost,0,18,263
18194053312348648,DV-MbYoERU5,kata2_tak_tertulis,bitorexpost,0,17,353
18163133638419948,DV-MbYoERU5,uncle.dionsu,bitorexpost,0,28,98
18076283990410672,DV-MbYoERU5,robi_scorpion,bitorexpost,0,4,106
17866374420603020,DV-MbYoERU5,aura_deluna_,bitorexpost,0,23,22
18125841166577312,DV-MbYoERU5,freedome4palestine,bitorexpost,0,38,94
17996982428748502,DV5RQssjhMZ,yogie_basri,sagoetv,0,0,0
18131059012529664,DV4B7pND4Ob,delfistjun,warta.dotcom,0,26,1413
18096471604818100,DV4B7pND4Ob,ageng.pangestu217,warta.dotcom,0,7,242
18088162892334048,DV4B7pND4Ob,eurekatedja,warta.dotcom,0,4,38
17940002802159842,DV4B7pND4Ob,bakuljamu_91,warta.dotcom,0,8,131
18313234405256992,DV4B7pND4Ob,friedo.hekya,warta.dotcom,0,3,30
17890906422440828,DV4B7pND4Ob,captain_magha,warta.dotcom,0,0,23
17951615169112056,DV4B7pND4Ob,hars_1928,warta.dotcom,0,13,559
17982847364806712,DV4B7pND4Ob,dodo_grandw,warta.dotcom,0,0,10
17950810143116638,DV4B7pND4Ob,anjase_xx,warta.dotcom,0,1,4
17857027641623488,DV4B7pND4Ob,ukuimarlan,warta.dotcom,0,0,3
18046023524716248,DV2z1-Rk6Fu,aryonoput,metrotv,0,5,90
17859011016564594,DV2z1-Rk6Fu,suciati7885,metrotv,0,2,66
18160015450441272,DV2z1-Rk6Fu,samhuda1966,metrotv,0,18,168
17978687006825404,DV2z1-Rk6Fu,dealerpolygonphoenix,metrotv,0,21,142
17879822520491068,DV2z1-Rk6Fu,budi85army,metrotv,0,1,9
18097016164958544,DV2z1-Rk6Fu,ghe_penk13,metrotv,0,0,14
17964404610028966,DV2z1-Rk6Fu,maruf2tangerang,metrotv,0,0,10
18597987154016316,DV2z1-Rk6Fu,pnjalubumi,metrotv,0,0,15
18081421085345176,DV2z1-Rk6Fu,night_aftr,metrotv,0,1,2
17851848606650336,DV2z1-Rk6Fu,tovan.z,metrotv,0,0,3
18104610568895956,DVurt2WkW1x,agilhari.s,nkri24jam,0,1,0
17927179752235370,DVf8X92Dxht,ricky6510,koranbaliexpress,0,84,505
18056401640695864,DVf8X92Dxht,yepeeaja,koranbaliexpress,0,25,140
17927813514227300,DVf8X92Dxht,dhannytama,koranbaliexpress,0,15,253
17972991194974562,DVf8X92Dxht,hsbluhut,koranbaliexpress,0,7,161
17873849994435984,DVf8X92Dxht,om_sullllll,koranbaliexpress,0,11,344
18087763672902864,DVf8X92Dxht,dian_k.pratama,koranbaliexpress,0,5,223
18072719300164368,DVf8X92Dxht,abangjii,koranbaliexpress,0,8,50
17941671954132744,DVf8X92Dxht,alief9196,koranbaliexpress,0,8,3
18088100611908512,DVf8X92Dxht,zildran27,koranbaliexpress,0,3,341
18117073360616484,DVf8X92Dxht,cut_dek_pink,koranbaliexpress,0,0,9
17977379228843052,DVaikSCErvq,mobilgeelyjakarta,tribunnews,0,0,0
17999548970870822,DWZ2XSFCabs,ikayaji2407,sindonews,0,0,0
18094838558086280,DWZ2XSFCabs,twentytwoninetyfour,sindonews,0,3,0
18210754378323092,DWZ2XSFCabs,dngcahyok,sindonews,0,0,0
18389943298157132,DWZ2XSFCabs,nation_027_,sindonews,0,0,0
18088601216265956,DWZ2XSFCabs,winarta_akz,sindonews,0,0,0
17879283936538536,DWZ2XSFCabs,richard_ucayz,sindonews,0,0,1
18077335766627668,DWZ2XSFCabs,didinsahruddinfirdausy,sindonews,0,0,0
17852161890647764,DWZ2XSFCabs,nugraha.1st,sindonews,0,0,0
18319484353270680,DV-RX9ZE9T2,madiuntoday.id,madiuntoday.id,0,0,0
18138694156514036,DXWW8aiE4yF,djonichew1071,cerah_indonesiaku,0,0,0
18119581207631864,DXWI6_3D07H,rizqimulyana,zonaebt,0,1,1
17891847192456836,DXWI6_3D07H,rsadiesha15,zonaebt,0,0,1
18040133804571596,DXVtmQmEert,ilyashusenramadan,moltensalt.insight,0,1,0
18090347330216544,DXVtmQmEert,pahotannn,moltensalt.insight,0,0,0
18101306465491128,DXT5ASQjvvd,mohamadrizkyadzano,investordailyid,0,0,0
18065247329341028,DXT5ASQjvvd,immanuelsr,investordailyid,0,0,0
18102381712784380,DXReTOik68Z,visyabiru_,ruteberkeadilan.jabar,0,0,0
17897136024286756,DXQLEdjEgIV,sertifikasi_kompetensi,dewanenergi,0,0,0
17948169315152854,DXOecVIj7zg,lennygorat,zonaebt,0,0,0
18132572704480656,DXOLOtsGROp,mo.moko7390,mkiofficial_,0,0,0
18417982123192044,DXOGLa-EnEF,afrynugroho,wartaekonomi,0,0,0
18079460957577040,DXN1ix_kxxF,kugynana,pln_enjiniring,0,3,0
18003834653728344,DXN1ix_kxxF,oddangrewu,pln_enjiniring,0,0,0
18167961142412760,DXNxXCeCXFW,cfdhack,wartaekonomi,0,0,0
18208519468331920,DXNxXCeCXFW,mahmudin_karta_wijaya,wartaekonomi,0,0,1
17911166274382418,DXNxXCeCXFW,buan4545,wartaekonomi,0,0,0
18074340638196560,DXJgXfXml2U,iaammaulana,lifeatgenb,0,1,0
18090207505957144,DXJgXfXml2U,syzahwa_,lifeatgenb,0,1,1
18389597782082024,DXJgXfXml2U,zigyzikraa,lifeatgenb,0,0,1
18207814045328020,DXJgXfXml2U,rossiagstn,lifeatgenb,0,0,1
18078531992435324,DXJXnO7E3Zs,cfdhack,pln.epi,0,0,0
17982855665987106,DXJXnO7E3Zs,stempel_stampo,pln.epi,0,0,0
18080588261103864,DXJXnO7E3Zs,julizar_idris,pln.epi,0,0,0
18061352165414896,DXI5fA1kiuf,notes123456789ku,strum_id,0,0,0
18076777436445164,DXIhIfKAQsK,ubaid__nur,greenpowergrouptbk,0,0,0
18075517853308328,DXIhIfKAQsK,naufalhabibi21,greenpowergrouptbk,0,0,0
18120109336714128,DXG-5qxn4p2,anitalstri11,cekberitanya,0,0,0
18060580739422616,DXG-5qxn4p2,ameliarhmwt1,cekberitanya,0,0,0
18032537051633584,DXG-5qxn4p2,zikrisaputtraa,cekberitanya,0,0,0
17975675390851820,DXG-5qxn4p2,akmallmulnaa,cekberitanya,0,0,0
18117701230641468,DXG3l4QEfPh,malas_bosannn,moltensalt.insight,0,0,0
18138615814514592,DXG3l4QEfPh,hersusiloo,moltensalt.insight,0,0,0
18093083627152376,DXG3l4QEfPh,elsofiyah,moltensalt.insight,0,0,0
18085336973460976,DXG3l4QEfPh,ilyashusenramadan,moltensalt.insight,0,0,0
17911793412364498,DXG3l4QEfPh,azkiaramadanii,moltensalt.insight,0,0,0
17988962903977410,DXG3l4QEfPh,notanoldmens,moltensalt.insight,0,0,0
17896569594439418,DXG3l4QEfPh,dixkyfau,moltensalt.insight,0,0,0
17967350574057972,DXG3l4QEfPh,hermansyahaditya54,moltensalt.insight,0,0,0
18578088109037624,DXG3l4QEfPh,katakanpuput,moltensalt.insight,0,0,0
18086377628608508,DXG3l4QEfPh,yulia.nadewiii,moltensalt.insight,0,0,0
17874237840590144,DXGBhi1gSTE,gendhoek_limboek,ahdahmaulana,0,0,0
18347858413243288,DXGBhi1gSTE,gendhoek_limboek,ahdahmaulana,0,0,0
18090198464236516,DXGBhi1gSTE,verd7007,ahdahmaulana,0,0,0
17960165375937458,DXIYb9Gkr19,thedancingexplorer,naturevolution.id,0,1,0
18105520445495004,DXIYb9Gkr19,ikiriswan062,naturevolution.id,0,1,0
17924558322271104,DXEfc_ck4X1,fharidotulamanah,trendjktcom,0,0,0
18122187019715884,DXEfc_ck4X1,alwi_gifary,trendjktcom,0,0,0
17964168999062824,DXEfc_ck4X1,arkafarash,trendjktcom,0,0,0
18122982097720788,DXEfc_ck4X1,ickromah_uzumaki,trendjktcom,0,0,0
18139383433512344,DXEfc_ck4X1,hanatamara70,trendjktcom,0,0,0
17856851829688120,DXEfc_ck4X1,asep.rahmat27ar,trendjktcom,0,0,0
18104813251905628,DXEfc_ck4X1,igpunyaani,trendjktcom,0,0,0
18158428564446416,DXEfc_ck4X1,filaaja16,trendjktcom,0,0,0
17932940973226682,DXEfc_ck4X1,fatihdev88,trendjktcom,0,0,0
18522098080079284,DXEfc_ck4X1,4erielle,trendjktcom,0,0,0
18107951023873384,DXETBRQkYio,pln.uipklb,plnip.ubpadipala,0,0,1
18127464424577536,DXETBRQkYio,purwanindita,plnip.ubpadipala,0,1,0
18121433161628520,DXETBRQkYio,gsitest,plnip.ubpadipala,0,0,0
18113176732773024,DXETBRQkYio,febriyvn.me,plnip.ubpadipala,0,0,0
17894461533441268,DW-65DZkQpE,katakanpuput,moltensalt.insight,0,1,0
18101033263945044,DW-65DZkQpE,karinaardhia,moltensalt.insight,0,0,0
17947101174150924,DW-65DZkQpE,notanoldmens,moltensalt.insight,0,0,0
18126388753514352,DW-65DZkQpE,tedyatmojooo,moltensalt.insight,0,0,0
18105427219727440,DW-65DZkQpE,rizalkansaja,moltensalt.insight,0,0,0
18077452664432368,DW-65DZkQpE,bukanagamrinjani,moltensalt.insight,0,0,0
18197279215357864,DW-65DZkQpE,elsofiyah,moltensalt.insight,0,0,0
18163383301426140,DW-65DZkQpE,dixkyfau,moltensalt.insight,0,0,0
17981325806824908,DW-65DZkQpE,malas_bosannn,moltensalt.insight,0,0,0
18262527898293240,DW-65DZkQpE,apriliasiskaaaaa,moltensalt.insight,0,0,0
18082133693610200,DW-1HMJidi4,partainasi.id,depokseru,0,0,0
17874539475453664,DW-xcVbk1TZ,ahmadnursubekti,jakbarviral,0,0,0
18096439447860276,DW-w88DAZBb,rex_ray_1,warga.jakbar,0,0,0
17987502122971698,DW-mbaxkxnP,luqmandiyah6,sawanganupdate,0,0,1
18095479430025456,DW-mbaxkxnP,luqmandiyah6,sawanganupdate,0,0,1
17957184693086144,DW-jV3qidTD,fa.rid5440,jabodetabek24info,0,0,0
17981537190001784,DW-jV3qidTD,yogiijepee,jabodetabek24info,0,0,0
18075838961565052,DW-jV3qidTD,bangedhyompong,jabodetabek24info,0,0,0
18099830705064560,DW-hbN7k5JD,kikiw_2026_,depokhariini,0,0,0
18178548889391528,DW-hbN7k5JD,rucytriadi,depokhariini,0,0,0
18107153299722164,DW-hbN7k5JD,tono.william,depokhariini,0,0,0
18576555505023912,DW-hbN7k5JD,drawinn_00,depokhariini,0,2,0
18455909413109656,DW-dDyakawK,romoraedwards,katadatagreen,0,0,0
18132411526555808,DW9e8nvk29r,mechviator14,indovibing.id,0,0,0
17962223496066664,DW9e8nvk29r,deharja77,indovibing.id,0,0,1
18093349970272096,DW9e8nvk29r,davidsonkarokaro,indovibing.id,0,0,1
18120904528626992,DW9e8nvk29r,_anhso,indovibing.id,0,0,0
18141968410498200,DW9e8nvk29r,tututata151,indovibing.id,0,0,0
17919042237342592,DW9e8nvk29r,rambeomar,indovibing.id,0,0,1
18099853564971192,DW9e8nvk29r,samiun1976,indovibing.id,0,0,1
17917569741411748,DW8tTW-E4nz,wongtamin,cerah_indonesiaku,0,0,0
17917569741411748,DW8tTW-E4nz,wongtamin,cerah_indonesiaku,0,0,0
17876390976568710,DW8tTW-E4nz,phantomplanet_xx,cerah_indonesiaku,0,0,2
17876390976568710,DW8tTW-E4nz,phantomplanet_xx,cerah_indonesiaku,0,0,2
17897669532288268,DW8tTW-E4nz,bint4n972,cerah_indonesiaku,0,0,0
17897669532288268,DW8tTW-E4nz,bint4n972,cerah_indonesiaku,0,0,0
18175145074395452,DW8tTW-E4nz,nuriladi,cerah_indonesiaku,0,1,7
18175145074395452,DW8tTW-E4nz,nuriladi,cerah_indonesiaku,0,1,7
18069198167413192,DW8tTW-E4nz,hafidahmadf_18,cerah_indonesiaku,0,0,3
18069198167413192,DW8tTW-E4nz,hafidahmadf_18,cerah_indonesiaku,0,0,3
18083667488624696,DW8tTW-E4nz,whprakoso,cerah_indonesiaku,0,0,1
18083667488624696,DW8tTW-E4nz,whprakoso,cerah_indonesiaku,0,0,1
18092888465328992,DW8tTW-E4nz,mhmdvrgii,cerah_indonesiaku,0,0,15
18092888465328992,DW8tTW-E4nz,mhmdvrgii,cerah_indonesiaku,0,0,15
17917846248343226,DW8tTW-E4nz,taufiklexo8389,cerah_indonesiaku,0,0,0
17917846248343226,DW8tTW-E4nz,taufiklexo8389,cerah_indonesiaku,0,0,0
17940295458193294,DW8tTW-E4nz,pramukaoganilir,cerah_indonesiaku,0,0,7
17940295458193294,DW8tTW-E4nz,pramukaoganilir,cerah_indonesiaku,0,0,7
17856829563689724,DW8tTW-E4nz,taufiklexo8389,cerah_indonesiaku,0,0,1
17856829563689724,DW8tTW-E4nz,taufiklexo8389,cerah_indonesiaku,0,0,1
18110413228799856,DW8resNkbt0,aan101425,astakomunikasi,0,0,1
17856508629633420,DW8resNkbt0,nellysafitri14,astakomunikasi,0,0,0
17869673283604582,DW8resNkbt0,khayfazar74,astakomunikasi,0,0,0
18092240270149724,DW8resNkbt0,rizkyjokeja,astakomunikasi,0,0,0
18098257199093496,DW8resNkbt0,_warmindostory,astakomunikasi,0,0,0
18128260360561120,DW8LkJ0mj7i,lambe_turah505,kapitalismarket,0,0,0
18068671367316252,DW8Eou4mgGg,bingungsanasini2025,kapitalismarket,0,0,0
18094571789030752,DW8Eou4mgGg,yuhankurniawan,kapitalismarket,0,0,0
17882852076525626,DW8Eou4mgGg,anggarasagung,kapitalismarket,0,0,0
18077577731389072,DW8Eou4mgGg,permadi_jaya_las,kapitalismarket,0,0,0
18132231472549412,DW8Eou4mgGg,didinsahruddinfirdausy,kapitalismarket,0,0,0
18097813769098396,DW7q-EnCtyO,linusvolta,republikbekasiofficial,0,0,0
18265379836292492,DW7nlGkEtUV,mangarawahyudi,pestamedia,0,0,0
18318908671251540,DW6irErgdao,ecobiz.asia,ecobiz.asia,0,0,0
18035729060596800,DW6EmWpEYNd,pln.uipklb,plnip.ubpadipala,0,0,2
18118010113629112,DW6EmWpEYNd,bayu_astrianto,plnip.ubpadipala,0,1,1
17997204200937482,DW6EmWpEYNd,gsitest,plnip.ubpadipala,0,0,1
18523860217073304,DW6EmWpEYNd,bahanstempelsurabaya,plnip.ubpadipala,0,0,1
17914868121347336,DW54UU8jpvA,hisyammtaufiiq,arkaproject.idn,0,0,0
17978366204842608,DW51dtFkjHN,agung.purnomo18,rimbasatwa.id,0,0,0
17867977089512428,DW51dtFkjHN,narasiboy,rimbasatwa.id,0,1,1
18129409132563556,DW51KmIkVQP,hermansyahaditya54,moltensalt.insight,0,1,0
18096665456170180,DW51KmIkVQP,tedyatmojooo,moltensalt.insight,0,0,0
18061979249386776,DW51KmIkVQP,azkiaramadanii,moltensalt.insight,0,0,0
18121689517618528,DW51KmIkVQP,ilyashusenramadan,moltensalt.insight,0,0,0
17880339090547742,DW51KmIkVQP,yulia.nadewiii,moltensalt.insight,0,0,0
17948610824983618,DW51KmIkVQP,apriliasiskaaaaa,moltensalt.insight,0,0,0
17877912009558860,DW51KmIkVQP,puspitaanggraenii,moltensalt.insight,0,0,0
18349067107242640,DW51KmIkVQP,hersusiloo,moltensalt.insight,0,0,0
18099160835078364,DW51KmIkVQP,katakanpuput,moltensalt.insight,0,0,0
18099162256806888,DW51KmIkVQP,karinaardhia,moltensalt.insight,0,0,0
17878206891432042,DW3elbPD6xY,zakyrivano,komnas.ham,0,0,0
18088334594193424,DW3elbPD6xY,ekhoirul8,komnas.ham,0,0,0
18078519128627344,DW3elbPD6xY,akmalrosihan,komnas.ham,0,0,0
18090303692331984,DW3elbPD6xY,andre_pupun,komnas.ham,0,0,3
17984476472797704,DW3aAoAlPmW,trashranger.id,genergibersih,0,0,1
17971910877041094,DW3aAoAlPmW,fadlanahya,genergibersih,0,1,0
18091786202177088,DW3aAoAlPmW,szahrxx,genergibersih,0,1,1
17990109113785422,DW3aAoAlPmW,note.dedi,genergibersih,0,2,0
17951527710105292,DW3aAoAlPmW,tii_aa37,genergibersih,0,2,0
18002766371731852,DW3aAoAlPmW,daffakhoiri13_,genergibersih,0,1,0
18117361870660300,DW3aAoAlPmW,ashza_ras,genergibersih,0,1,0
18089576441353996,DW3aAoAlPmW,salsabillaurel,genergibersih,0,2,0
17939658591177936,DW3aAoAlPmW,________naba,genergibersih,0,1,0
18126794464590500,DW3aAoAlPmW,syahrulnr23,genergibersih,0,1,0
18147035374484248,DW3PxAmkqPK,candi.architect,giz_idasean,0,0,1
17905514244226072,DW2_7vNkRTn,ekonomienergi_up45,aqielr15,0,1,0
18393666625153800,DW2_7vNkRTn,cintamelodyy_,aqielr15,0,0,0
18313382278259072,DW2_7vNkRTn,reynal_da,aqielr15,0,0,0
18105795031910748,DW20OuVjQ-3,kadal.buntet,satukanjiwa2024,0,0,0
18105398407917848,DW20OuVjQ-3,dinosau12us,satukanjiwa2024,0,0,1
18307648516272088,DW20OuVjQ-3,kucrut.bangke,satukanjiwa2024,0,0,0
18576347521041732,DW20OuVjQ-3,kebo.budhuk,satukanjiwa2024,0,0,0
18419428759127556,DW20OuVjQ-3,kelaut_aja,satukanjiwa2024,0,0,0
17942563749177024,DW20OuVjQ-3,cerah_baru,satukanjiwa2024,0,0,0
17949510105009276,DW2lhKEjz-u,arkorahydro,energianusantara,0,0,0
18446113258119336,DW2flBhCQ2X,asriani_amiruddin,tantriianita,0,1,1
17920002249320900,DW1UcNij50V,adeagus19,zonaebt,0,0,0
17885049672371784,DW1UcNij50V,mahasinul_fathani,zonaebt,0,0,0
17881120920541692,DW0pgXVE75O,kevin4627williams,officialnusantaratv,0,0,0
18116517733661412,DW0j0fQkQ8c,rifnaldo_karangan99,djebtke,0,0,0
18075268124195948,DW0j0fQkQ8c,stempel_stampo,djebtke,0,0,0
18099107380963396,DW0j0fQkQ8c,geodipaenergi.patuha,djebtke,0,0,1
17925763269090712,DW0j0fQkQ8c,geodipaenergi,djebtke,0,0,0
18428060401186880,DW0ThFpmU-d,rachmatdosen,mkiofficial_,0,0,1
17901118548416082,DW0RSc7kaRM,monsun_17,akademi.antikorupsi,0,0,0
18081834446093216,DW0RSc7kaRM,yatty70,akademi.antikorupsi,0,0,1
18069264401375968,DW0RSc7kaRM,bilic_indonesia,akademi.antikorupsi,0,0,1
18343744066214980,DW0RSc7kaRM,ratna_aden,akademi.antikorupsi,0,0,1
18086141384458380,DWz60LyjfaO,naufalhabibi21,greenpowergrouptbk,0,0,0
18576741304019576,DWz60LyjfaO,rezaaldiprtm_,greenpowergrouptbk,0,0,0
18100262711491432,DWz60LyjfaO,moulidfajri,greenpowergrouptbk,0,0,0
18243502390306212,DWz60LyjfaO,naufalhabibi21,greenpowergrouptbk,0,0,1
18403156285147652,DWycmKID_SY,cfdhack,zonaebt,0,0,0
17951531483965968,DWycmKID_SY,spraspa,zonaebt,0,0,0
18078059741415884,DWycmKID_SY,oki_boer,zonaebt,0,0,1
18161113900428008,DWyKO0-EVMm,elsofiyah,moltensalt.insight,0,0,0
18075290561281444,DWyKO0-EVMm,katakanpuput,moltensalt.insight,0,0,0
18121867252717768,DWyKO0-EVMm,malas_bosannn,moltensalt.insight,0,0,0
18310424389279392,DWyKO0-EVMm,azkiaramadanii,moltensalt.insight,0,0,0
17944407474152792,DWyKO0-EVMm,budakbader0h,moltensalt.insight,0,0,0
17919816975319258,DWyKO0-EVMm,ilyashusenramadan,moltensalt.insight,0,0,0
17992017998959120,DWyKO0-EVMm,hersusiloo,moltensalt.insight,0,0,0
17995643333762612,DWyKO0-EVMm,bukanagamrinjani,moltensalt.insight,0,0,0
17973875934008318,DWyKO0-EVMm,bukanagamrinjani,moltensalt.insight,0,0,0
17849080779676184,DWyKO0-EVMm,apriliasiskaaaaa,moltensalt.insight,0,0,0
17961449243918208,DWvgezhiWuL,ehsan.nura,tantriianita,0,2,1
17959919769105376,DWvgezhiWuL,ghfrihms_,tantriianita,0,0,1
18038640779575712,DWvgezhiWuL,arsfz__,tantriianita,0,0,1
18114774028707196,DWwRZYgknDA,hernady_fr,danurenjaya,0,1,2
17863109964548536,DWv14AJFe7w,yurikaputri067,investordailyid,0,0,0
18113003920692312,DXV2B5mklp1,sani_anami,rikasavvyy,0,0,0
18456537847128136,DXV2B5mklp1,sani_anami,rikasavvyy,0,0,0
18127011751606108,DXV2B5mklp1,sri_dwiii2,rikasavvyy,0,0,0
17899047912427808,DXV2B5mklp1,karil_camara2,rikasavvyy,0,0,0
18170561518416752,DXV2B5mklp1,haniatul_mardiyah7,rikasavvyy,0,0,0
17910453225371876,DXV2B5mklp1,bilqis_tsiqlah5,rikasavvyy,0,0,0
18006878675909352,DXV2B5mklp1,ihkam_lafiza8,rikasavvyy,0,0,0
18098007806101544,DXV2B5mklp1,mazna_maziya,rikasavvyy,0,0,0
18066629210654608,DXV2B5mklp1,randy_suherman2,rikasavvyy,0,0,0
18080847356620380,DXV2B5mklp1,arief_wowor1,rikasavvyy,0,0,0
17930908776072476,DXOzN6Xn4_-,_jametbersatu,luarbioskop,0,4,61
18126759811520080,DXOzN6Xn4_-,maz.t.aja,luarbioskop,0,1,44
18087404330017548,DXOzN6Xn4_-,ucup_6989,luarbioskop,0,9,26
18081004433622096,DXOzN6Xn4_-,tamajuntak,luarbioskop,0,1,12
18101776543768288,DXOzN6Xn4_-,_mon97,luarbioskop,0,0,9
18077782769158008,DXOzN6Xn4_-,_dewisri.dsy,luarbioskop,0,0,18
18127123639579560,DXOzN6Xn4_-,wwenehh,luarbioskop,0,0,2
17863292499618696,DXOzN6Xn4_-,aryadmth_,luarbioskop,0,0,3
18140138485507112,DXOzN6Xn4_-,art_lv01,luarbioskop,0,1,3
18317815237250080,DXOzN6Xn4_-,vickyhardinata,luarbioskop,0,0,3
17874997419563788,DWqWUedCUHd,wahyu_zetyawan29,funderstand.id,0,0,0
18305126554262884,DWiyLD2kgck,r4ndy.bouled,sorot_tanah_air,0,0,0
18097602782049640,DWiyLD2kgck,bennyarief46,sorot_tanah_air,0,0,0
18453497398105528,DWiyLD2kgck,rahmadsaidah09,sorot_tanah_air,0,0,0
18099770785779136,DWftuJaE3J0,einsten_davidson,cakinvestmentclub,0,0,0
18157756651430644,DVx7A-ek8v3,heindrow,daripresiden,0,0,7
18104437306857360,DVx7A-ek8v3,setyod2,daripresiden,0,0,27
18081380972459192,DVx7A-ek8v3,andiconyputroe,daripresiden,0,0,3
18000617759909104,DVx7A-ek8v3,nandia2307,daripresiden,0,7,12
18044476814737568,DVx7A-ek8v3,jendrasyaiful,daripresiden,0,0,39
17934554955039444,DVx7A-ek8v3,nengkarawang3,daripresiden,0,1,8
17957880830932928,DVx7A-ek8v3,aan101425,daripresiden,0,4,36
18120059842541692,DVx7A-ek8v3,bintangnani91,daripresiden,0,6,15
18098208763760704,DVx7A-ek8v3,elmayatigoenawan,daripresiden,0,0,3
18123791782506592,DVx7A-ek8v3,ilhamkaru,daripresiden,0,28,34
17877555213529208,DVfMDX4Del9,zifauzizuaf__,growminingcorpindonesia,0,0,0
18223565293314392,DXX4vgOkt86,omgmicky,kompascom,0,17,58
18454655101105092,DXX4vgOkt86,yogiaryo439,kompascom,0,3,43
18314472919262484,DXX4vgOkt86,itaa_masitah19,kompascom,0,0,5
18091354241234408,DXX4vgOkt86,tere616,kompascom,0,7,32
18021901991821632,DXX4vgOkt86,mohamed_iam_08,kompascom,0,43,51
17934409311226708,DXX4vgOkt86,nazaruddin25,kompascom,0,20,28
17961248649107768,DXX4vgOkt86,sir.plants.alot,kompascom,0,6,11
18072155375271392,DXX4vgOkt86,marthin080307,kompascom,0,0,6
18013182947692556,DXX4vgOkt86,yayatsuprianto,kompascom,0,1,10
17907985752401942,DXX4vgOkt86,avkxena,kompascom,0,11,2
18079023944563888,DXXCUilGgub,rsma.39,kabarciledug,0,3,3
18109993036868408,DXXCUilGgub,aldieysh,kabarciledug,0,0,0
18090955348955596,DXWtqK3GHhf,aadhigunawans,sindonews,0,10,62
18094721999468808,DXWtqK3GHhf,prittapaw,sindonews,0,0,1
17859942489628970,DXWtqK3GHhf,wahyudineka46,sindonews,0,0,1
17984998049813860,DXWtqK3GHhf,hendriusman52,sindonews,0,0,1
18121539421619336,DXWtqK3GHhf,lenibit.ch,sindonews,0,0,1
18102527695761260,DXWtqK3GHhf,rezapahlepie1,sindonews,0,0,1
18082016471624728,DXWtqK3GHhf,suny1752,sindonews,0,4,25
18189485719371104,DXWtqK3GHhf,tiar_19,sindonews,0,4,14
17912550084365120,DXWtqK3GHhf,dion_siagian,sindonews,0,4,18
18103337638759272,DXWtqK3GHhf,marcoovp14,sindonews,0,0,1
18077924600168336,DXVtsuNFHFY,tri.martu,sukabumiupdatecom,0,1,0
18119976538632504,DXVtsuNFHFY,nutaraulin,sukabumiupdatecom,0,0,0
18434362456137240,DXVUNn2D0mZ,atstube2021,koranbaliexpress,0,0,0
18107615080847880,DXVUNn2D0mZ,h3ll3ir3,koranbaliexpress,0,0,0
17854256676642488,DXTf1tGAS_s,b.setyo61,porosrakjat,0,0,0
17847591240696972,DXTf1tGAS_s,b.setyo61,porosrakjat,0,0,0
18002345894873396,DXWvqB3mEp5,dennysanjayasanjaya,jakarta_headlines,0,0,0
18086332013609804,DXWvqB3mEp5,reinheart_damanik,jakarta_headlines,0,0,2
18098636036012648,DXTFdeHATYe,mhr.fiqi,luarbioskop,0,0,3
18150895828467620,DXTFdeHATYe,labuboy_696,luarbioskop,0,0,0
17921246721318548,DXTFdeHATYe,ahliana.co.id,luarbioskop,0,0,0
18090307487465412,DXTFdeHATYe,gurlsyd,luarbioskop,0,0,0
18374151451167688,DXTFdeHATYe,mlnaputraa,luarbioskop,0,0,1
18061828970406544,DXTFdeHATYe,itsmeaccent,luarbioskop,0,0,1
18090850027965008,DXTFdeHATYe,irfansaehab_,luarbioskop,0,0,1
17972670168039960,DXTFdeHATYe,maullyaariifiin,luarbioskop,0,0,1
18088732532601728,DXTFdeHATYe,yeddymulyadi,luarbioskop,0,0,0
18043749878548520,DXStg4gE3pV,agusvanhoten,tuturmediadigital,0,2,5
17936045871211284,DXStg4gE3pV,reinakamoon23,tuturmediadigital,0,0,3
17928664164253004,DXStg4gE3pV,miftahfarid.90,tuturmediadigital,0,2,2
18101984737959944,DXStg4gE3pV,nickelodeon_blue,tuturmediadigital,0,0,0
18112410322749424,DXStg4gE3pV,ariffaozy2024,tuturmediadigital,0,0,0
18117780052734248,DXStg4gE3pV,irfanmohmd,tuturmediadigital,0,0,0
17847542523697006,DXStg4gE3pV,syukuropu,tuturmediadigital,0,0,0
18103440280944596,DXStg4gE3pV,wae.naim,tuturmediadigital,0,0,0
18161735557376404,DXStg4gE3pV,jelly.caty,tuturmediadigital,0,0,0
18075969920313376,DXStg4gE3pV,titisumiati,tuturmediadigital,0,0,0
18119273524656312,DXRYC7bCerP,mahardiansamarinda,agussupriyantobq7,0,0,0
18004735211883826,DXOwiegknjv,rina286_,cravinginformation,0,0,0
17884340157509300,DXOC86OEvMh,ninoright,astrobike.katalog,0,1,2
18096515300279148,DXOC86OEvMh,nhs.post,astrobike.katalog,0,1,1
17855408991650224,DXL62SokhYt,sandianandar,kabartanpadelay,0,0,0
18059976188440060,DXL62SokhYt,arifcassa,kabartanpadelay,0,0,0
18353798377238256,DXLVzrIkkMv,elcoroch,astrobike.katalog,0,1,1
18360525229230728,DXLVzrIkkMv,febri14300,astrobike.katalog,0,1,1
18017795450669956,DXJbgfEGTbr,arief.s.marsis,indomine_id,0,0,0
18077660654542696,DXMMWACEblu,istamar_ist,mhdcclinic,0,1,0
18092729336127320,DXL82htlPP3,mpakhrur,investordailyid,0,0,1
18353075332242128,DXImvZYGK8h,milan_agus1,theglobeconomy,0,0,0
17949988410138540,DXImvZYGK8h,dessy4474,theglobeconomy,0,0,0
18099633583820968,DXHKk2kFLlE,supermie.hobbies,komparasinews.id,0,0,0
18099788641797648,DXGuHnEklZi,endahnu,astrobike.katalog,0,1,1
17965289817060668,DXGuHnEklZi,mhmmdadry5,astrobike.katalog,0,1,1
17977050347992072,DXGKjxNEmGJ,hairil_gaskin,anaktambang,0,0,6
17954794545120800,DXGKjxNEmGJ,khemkorner,anaktambang,0,0,0
18094711025036048,DXGKjxNEmGJ,adi.putra.75209,anaktambang,0,0,2
17985416378800392,DXGKjxNEmGJ,sssaaaaaaalll,anaktambang,0,2,0
17960802039097478,DXGKjxNEmGJ,winman007008009,anaktambang,0,4,4
17945860281160056,DXGKjxNEmGJ,excelsobraziliansantos,anaktambang,0,0,1
17875746360581424,DXGKjxNEmGJ,rachmat.suhendro,anaktambang,0,0,2
18175513492393936,DXGKjxNEmGJ,gdl_fotografer,anaktambang,0,0,0
18089902255961972,DXGKjxNEmGJ,vrvalent46,anaktambang,0,0,0
17931612375238612,DXGKjxNEmGJ,wendah490,anaktambang,0,0,1
18577826722000652,DXF8XgRDd4w,fitrianto971,sindonews,0,18,10
18050402594727848,DXF8XgRDd4w,passeljemmy,sindonews,0,15,4
18110728993852312,DXF8XgRDd4w,parap129,sindonews,0,5,10
17856087498634698,DXF8XgRDd4w,aswan2184,sindonews,0,3,3
18090750665351648,DXF8XgRDd4w,aguspriyadiw,sindonews,0,2,22
18101051657070048,DXF8XgRDd4w,evander_manroe77,sindonews,0,2,2
18066675092674728,DXF8XgRDd4w,mglenak,sindonews,0,3,2
18112061644693336,DXF8XgRDd4w,rudi_wassalam,sindonews,0,0,7
17875215960574434,DXF8XgRDd4w,resepnffam,sindonews,0,0,2
17870625387600022,DXF8XgRDd4w,indra_rachman19,sindonews,0,0,1
18092214401175924,DXD_45eEWTA,renedias.mg,bitorexpost,0,0,0
18314357569259880,DXD_45eEWTA,andi_tenry_famory,bitorexpost,0,0,0
18073869662640916,DXDyZBFETpR,kevvphotographer,bitorexpost,0,0,0
17960080655935280,DXDyZBFETpR,evita.do,bitorexpost,0,0,0
17884502370500270,DXDyZBFETpR,wily_setia30,bitorexpost,0,0,0
18178340728350272,DXDyZBFETpR,denantaaaaa,bitorexpost,0,2,1
18114173662687244,DXDyZBFETpR,artur_chen_jerwmy,bitorexpost,0,0,0
17966391845905964,DXDyZBFETpR,amarilido11,bitorexpost,0,0,0
18107882059883312,DXDmJvvj90o,ceritahijrahid,lbsurundana,0,0,0
17877341343560284,DXDhD0Nkss7,kang_dondon,webekspor,0,6,13
18068339126326812,DXDhD0Nkss7,arizfhrrzi,webekspor,0,0,2
17949884910122088,DXDhD0Nkss7,ganishalasad,webekspor,0,0,7
18313502224275044,DXDhD0Nkss7,raden_maszamroni,webekspor,0,3,3
18117645838645408,DXDhD0Nkss7,ockta_galuh_sipo,webekspor,0,13,2
18174466933402120,DXDhD0Nkss7,adilsetiawan65,webekspor,0,9,3
18095982779041248,DXDhD0Nkss7,sonya_on,webekspor,0,5,0
17859190743684548,DXDhD0Nkss7,wuri20984,webekspor,0,1,1
17951630502129762,DXDhD0Nkss7,arffan37,webekspor,0,6,1
18097329824010796,DXDhD0Nkss7,sesaryadi10,webekspor,0,7,1
17958183144112028,DXCFsrTD9iO,nugraheni.raditya,metrotv,0,0,11
17948444288983004,DXCFsrTD9iO,fannyfariano24,metrotv,0,0,11
18093912671470368,DXCFsrTD9iO,nourshue,metrotv,0,0,0
17905851243225944,DXCFsrTD9iO,serafina_aleexa,metrotv,0,0,1
17991961790778244,DXCFsrTD9iO,anna_lim888.id,metrotv,0,0,0
17883762732387376,DXCFsrTD9iO,haritasik12,metrotv,0,2,2
18075945365558344,DXCFsrTD9iO,sahimal5842,metrotv,0,1,2
17871527901603176,DXCFsrTD9iO,evapermatasari25,metrotv,0,0,1
18348139270215876,DXCFsrTD9iO,doddrell_tanty,metrotv,0,0,1
17954682912092168,DXCFsrTD9iO,iwan.nug,metrotv,0,0,1
18422417959121772,DXB3h1cjauU,grendygrey,sindonews,0,0,0
18060236603422432,DXB3h1cjauU,0h_gituh,sindonews,0,0,0
18066485720451604,DXBz-i8jYcK,ezazafin,sindonews,0,0,1
18106778095928160,DXA6yUSmLMc,khairudinyusuf8,koranbaliexpress,0,0,0
18566693626065484,DXAvCRtE1Bc,kabar_makassar,kabar_makassar,0,0,0
18096424253035544,DW_idtckxBV,ciaaa_fac,timesindonesia,0,1,22
18112673452813836,DW_idtckxBV,_ndrok,timesindonesia,0,0,14
18078577877152016,DW_idtckxBV,arjbokz,timesindonesia,0,1,16
18084184304089124,DW_idtckxBV,ayumegadewii,timesindonesia,0,3,6
17906191881391584,DW_idtckxBV,bimmm_______,timesindonesia,0,1,12
18094234172151424,DW_idtckxBV,lkmn.xx1127,timesindonesia,0,0,4
17915507706360588,DW_idtckxBV,galihtnml_70,timesindonesia,0,3,1
18099336167064700,DW_idtckxBV,warta.banyuwangi,timesindonesia,0,1,4
18086250947357468,DW_idtckxBV,nizar9____,timesindonesia,0,4,4
18100902337772608,DW_idtckxBV,firdaus_ahmad_015,timesindonesia,0,2,5
18047888255739656,DW_fKsfGG64,dimas87936,koranbaliexpress,0,0,2
18046904258732816,DW_fKsfGG64,satyrnus12,koranbaliexpress,0,0,1
18136972276520336,DW_fKsfGG64,tio.pangaribuan,koranbaliexpress,0,0,0
17858126418630504,DW_fKsfGG64,fanboygarislucu,koranbaliexpress,0,0,1
18147042358485080,DW_fKsfGG64,ade7131,koranbaliexpress,0,0,0
18093069515151836,DW_fKsfGG64,atstube2021,koranbaliexpress,0,0,0
18260382148295560,DW_fKsfGG64,silverstone0017,koranbaliexpress,0,0,0
17985671555986696,DW_fKsfGG64,hajiacac,koranbaliexpress,0,0,0
18109483786880452,DW_fKsfGG64,yudhie_1984,koranbaliexpress,0,0,1
18205768840328292,DW_fKsfGG64,rapinoaja,koranbaliexpress,0,0,0
17989130891792002,DW_IYV5E1YC,syauqi_mezal,satupersenofficial,0,0,0
17983057814995288,DW_IYV5E1YC,petabazi,satupersenofficial,0,0,0
18587169076044304,DW_IYV5E1YC,kerjamuid,satupersenofficial,0,0,1
17946705684138820,DW-MBaVCcBN,refliaisyah,anggadrumaholic,0,0,0
17970202919881520,DW-MBaVCcBN,bababigonthebike,anggadrumaholic,0,2,0
18118197499730304,DW9TMLzEtZB,satriagasa,solehchemist,0,1,1
18337748788170268,DW9TMLzEtZB,riankapraja,solehchemist,0,0,1
17864411175614930,DW9TMLzEtZB,hallorew,solehchemist,0,0,1
18579788344057284,DW9TMLzEtZB,liyasf,solehchemist,0,0,1
17928355023254982,DW9TMLzEtZB,maskhaizan,solehchemist,0,0,0
18090587624465952,DW9LFF_GF35,pleiades27_,theglobeconomy,0,0,0
17907492666389536,DW84vhRCdp5,alifianrg,enternusantara,0,0,0
18024376748813696,DW84vhRCdp5,riyastiicr,enternusantara,0,0,0
17882637654531812,DW84vhRCdp5,karerekaka,enternusantara,0,0,0
18173149360396200,DW84vhRCdp5,asukahana,enternusantara,0,0,0
18160202032382372,DW8xSBIDWBD,raden_maszamroni,investordailyid,0,6,0
18095646443011288,DW8xSBIDWBD,rizkiaazzani,investordailyid,0,0,0
18132877741480964,DW8xSBIDWBD,arif.satia,investordailyid,0,0,0
18230489248308204,DW8xSBIDWBD,rambeomar,investordailyid,0,0,0
17934520203051556,DW8xSBIDWBD,justsomeone.rd,investordailyid,0,0,0
18099808372971168,DW8nDwWAeI-,yantok7735,sindonews,0,0,0
18101477509758324,DXCe-c1Cjt8,renoor281971,sindonews,0,0,0
18355112752236368,DXCe-c1Cjt8,gputra_andreass,sindonews,0,0,0
17921366295123968,DXCe-c1Cjt8,penguasa.kegelapan666,sindonews,0,0,2
18077637524206216,DXCe-c1Cjt8,syane.elis,sindonews,0,0,0
17877350949572104,DXCe-c1Cjt8,bananafirza4,sindonews,0,0,2
17966871471049236,DXCe-c1Cjt8,samaranantonio,sindonews,0,0,1
17895498948442092,DW8QrfEmJZM,zhyezhaa,astrobike.katalog,0,1,1
18100372996957284,DW72W1JEYM1,setiabuddi,banten.feeds,0,11,345
17969232378044598,DW72W1JEYM1,bangrikibatavia801,banten.feeds,0,16,223
18177959632391528,DW72W1JEYM1,riyani_twins,banten.feeds,0,2,72
17971400283043032,DW72W1JEYM1,riniyulia790,banten.feeds,0,8,29
18053872562709980,DW72W1JEYM1,edyalnur,banten.feeds,0,3,71
18070091732659432,DW72W1JEYM1,iyolah_72,banten.feeds,0,0,55
18099697093802868,DW72W1JEYM1,lis.dyah,banten.feeds,0,1,24
18042213107550708,DW72W1JEYM1,keanuabhivandya,banten.feeds,0,0,26
18129793483494748,DW72W1JEYM1,ptpesonapariwisata,banten.feeds,0,0,41
17876735637563216,DW72W1JEYM1,kak_bho,banten.feeds,0,0,74
18576496960047216,DW6QBgDjx6V,wira.hadi.kusuma.7568,sindonews,0,0,0
18098813387089016,DW6QBgDjx6V,riisestia,sindonews,0,0,1
17964422142059172,DW6QBgDjx6V,kartika1654,sindonews,0,0,0
18170174326408064,DW6QBgDjx6V,yaqeenmnoor,sindonews,0,0,0
18131413669486160,DW6QBgDjx6V,ikhwan.averoes,sindonews,0,0,0
18040479482602896,DW6QBgDjx6V,amiensedunia,sindonews,0,1,1
18067368581658640,DW6QBgDjx6V,muhammad2389arif,sindonews,0,0,0
17935517388206432,DW6QBgDjx6V,haris449077,sindonews,0,0,0
18177672418390532,DW6QBgDjx6V,harya_pharis,sindonews,0,0,0
18086105771350164,DW6QBgDjx6V,marhendraputra,sindonews,0,0,1
18572651584002080,DW57WO2j___,bp_sukendro,timesindonesia,0,0,0
18123991588609864,DW57WO2j___,samyugeu,timesindonesia,0,0,1
17854648599638520,DW57WO2j___,lutfan_efend,timesindonesia,0,0,0
18093711344469864,DW5xtyOAbQR,dolaycut,officialinewstv,0,3,12
18139199761503084,DW5xtyOAbQR,pakalidrus,officialinewstv,0,0,8
18099476260948012,DW5xtyOAbQR,aiko51621,officialinewstv,0,1,1
17933049528233460,DW5xtyOAbQR,bodyweighttrain77,officialinewstv,0,0,6
18080233628399832,DW5xtyOAbQR,ekardiman,officialinewstv,0,0,1
18040454045562460,DW5xtyOAbQR,erj199e,officialinewstv,0,0,1
18104237255494088,DW5xtyOAbQR,dadinurfauzi,officialinewstv,0,0,1
18119634781712740,DW5xtyOAbQR,welgi_afdana31,officialinewstv,0,0,1
18088865405256296,DW5xtyOAbQR,theumunk,officialinewstv,0,0,4
18413856547130132,DW5xtyOAbQR,tututata151,officialinewstv,0,0,1
17961456347924770,DW5eYV2kgcx,myvetnadine,syamsiro,0,1,1
17902269636408362,DW5eYV2kgcx,mujiunimma,syamsiro,0,1,0
18075863459178672,DW5EWsdDbMv,immanuelsr,investordailyid,0,0,0
17941415145168574,DW347FzAYgM,wendrizal77,sindonews,0,0,0
17874178032453656,DW347FzAYgM,andre2gd_,sindonews,0,0,0
18110783044836848,DW347FzAYgM,marhendraputra,sindonews,0,0,1
18356525491232928,DW347FzAYgM,vetboys24,sindonews,0,0,0
18353538265235140,DW347FzAYgM,nabilxcy50,sindonews,0,0,0
18094878164037060,DW347FzAYgM,achmad_mujaeni,sindonews,0,0,0
18353854108238352,DW347FzAYgM,ugint808,sindonews,0,1,0
18098120468472752,DW3kRMRCZ9X,riyastiicr,enternusantara,0,0,0
17978179124991220,DW3QmvHmGOO,yytri89,tribunnews,0,0,0
18074447639208124,DW2wD6CmIsS,dadi_rahman_dr,astrobike.katalog,0,1,1
18087417110205908,DW2wD6CmIsS,brianrahmadn,astrobike.katalog,0,6,1
18126530095589932,DW2wD6CmIsS,rnaufallll,astrobike.katalog,0,1,1
18085646405523056,DW2wD6CmIsS,panjimulki,astrobike.katalog,0,1,1
18581793973046072,DW2rjxbEtGm,azkyyy_1,heraldsulselbar,0,0,0
17942617791180316,DW2rjxbEtGm,asril_azka,heraldsulselbar,0,0,0
17935935237197760,DW2rjxbEtGm,ndianwar,heraldsulselbar,0,0,0
18024145898807680,DW2rjxbEtGm,ull_unk89,heraldsulselbar,0,0,1
17941054575168472,DW2Yw1bCD_i,indra.christianpatrick2017,borobudur_news,0,0,0
17913518205360876,DW1SWDUGB9Y,hastutiwuri,katakitaig,0,5,209
18099997564974264,DW1SWDUGB9Y,relymalina,katakitaig,0,1,104
17866066692536132,DW1SWDUGB9Y,mama_rengganis,katakitaig,0,0,17
18321229519280244,DW1SWDUGB9Y,ikasetyawan25,katakitaig,0,0,23
18405367360182108,DW1SWDUGB9Y,queenajjakarta,katakitaig,0,2,34
18053419187503672,DW1SWDUGB9Y,putrianggraini683,katakitaig,0,0,61
18386237935088272,DW1SWDUGB9Y,deviratnasari1212,katakitaig,0,1,49
17875814421571794,DW1SWDUGB9Y,hardi.aswin,katakitaig,0,0,12
18304186627262952,DW1SWDUGB9Y,jhanyshopcod,katakitaig,0,4,72
18086214926210248,DW1SWDUGB9Y,dhila_meong,katakitaig,0,0,11
18088064117591284,DW06GaYk4ny,bydlombok_,autotivo,0,0,0
17878829310545916,DW0H-FXGNhP,radenmasarifningrat,theglobeconomy,0,0,1
18117510379730036,DW0H-FXGNhP,5_famiily,theglobeconomy,0,0,0
17999229098868416,DW0H-FXGNhP,syechraden,theglobeconomy,0,0,0
18069891323292916,DW0H-FXGNhP,qdhier87,theglobeconomy,0,0,0
18121374592626132,DW0H-FXGNhP,ssoesan12769,theglobeconomy,0,0,0
18014366831841092,DW0H-FXGNhP,dessy4474,theglobeconomy,0,0,0
18126340924607232,DW0H-FXGNhP,ryaaannv,theglobeconomy,0,0,0
17954169117120280,DW0A4h-DTi5,starvbest,updatenusantaracom,0,0,1
18068693501319168,DWz6i3cEvtu,dwighthendro,feedcollective.co,0,1,0
18059146133447716,DWz6i3cEvtu,ujange_19,feedcollective.co,0,1,0
18311017018276848,DWz6i3cEvtu,ymanda_sari,feedcollective.co,0,0,0
17967593130050666,DWz6i3cEvtu,kekenabdullah,feedcollective.co,0,0,0
18061387745414928,DWz6i3cEvtu,azizhasibuan_,feedcollective.co,0,0,0
18434362183187680,DWz6i3cEvtu,alvian.dawenan,feedcollective.co,0,0,0
17920576788295962,DWyvRUcjWSF,bento1ko,beritasatu,0,0,0
18001921112864888,DWysmPqCX_O,faqihh43,feedcollective.co,0,0,29
18161273656430568,DWysmPqCX_O,_arelov,feedcollective.co,0,0,19
18099215785969456,DWysmPqCX_O,rizkirezeki,feedcollective.co,0,0,12
17955390345066808,DWysmPqCX_O,vdwntr30,feedcollective.co,0,0,7
18369844561161336,DWysmPqCX_O,dianalstr14,feedcollective.co,0,0,1
17991502085780756,DWysmPqCX_O,mybeauty.shopee,feedcollective.co,0,0,2
18053449904499756,DWysmPqCX_O,dwifirdaus_11,feedcollective.co,0,0,1
17973183053859804,DWysmPqCX_O,aditya_rockin,feedcollective.co,0,0,0
17883892809481508,DWysmPqCX_O,mybeauty.shopee,feedcollective.co,0,0,1
18435841495184068,DWysmPqCX_O,arsn_try,feedcollective.co,0,0,8
18103543366936100,DWylQEQGBs2,khairudinyusuf8,koranbaliexpress,0,0,0
18028767941645996,DWyVlLxkVyP,ron_stry,bitorexpost,0,40,141
18586235170063364,DWyVlLxkVyP,wiranataasworodarsana,bitorexpost,0,14,18
17991508790779516,DWyVlLxkVyP,harryseagal4,bitorexpost,0,3,79
17881291674396076,DWyVlLxkVyP,emanwahidinj,bitorexpost,0,15,16
18074423162207232,DWyVlLxkVyP,maru_0392,bitorexpost,0,3,12
18088470566225280,DWyVlLxkVyP,anneemih,bitorexpost,0,0,11
18105535655497108,DWyVlLxkVyP,djihad_08,bitorexpost,0,0,1
17865681099611056,DWyVlLxkVyP,rzky80465,bitorexpost,0,1,0
18066789245650232,DWyVlLxkVyP,elvina.tjhan,bitorexpost,0,10,33
17865826797657208,DWyVlLxkVyP,roynurm,bitorexpost,0,0,46
18116667775711452,DWx_lbfEZL2,kaneta.sticker,apaajapku,0,0,0
18089249924191636,DWx_lbfEZL2,francesumayow,apaajapku,0,0,0
18568136428000260,DWx_lbfEZL2,rahmat_jeri1,apaajapku,0,0,1
18179697463391188,DWvyQVNkkph,jouskaaaaaa_,luarbioskop,0,4,33
18584703934052640,DWvyQVNkkph,quen_echaa,luarbioskop,0,2,8
17854771908636820,DWvyQVNkkph,nicosaliscii,luarbioskop,0,2,8
17995797170947152,DWvyQVNkkph,bagas_liaa,luarbioskop,0,1,1
18098542895079144,DWvyQVNkkph,abchopq,luarbioskop,0,1,1
18111229204832480,DWvyQVNkkph,rian65272,luarbioskop,0,1,1
18105360023501244,DWvyQVNkkph,k_dem_09,luarbioskop,0,1,1
18097840432832972,DWvyQVNkkph,bil_rosmi,luarbioskop,0,0,0
17909508528384684,DWvyQVNkkph,andro7285,luarbioskop,0,0,0
17969583555020668,DWvyQVNkkph,sentot_id1,luarbioskop,0,0,0
18198906040353568,DWvST1kEZ15,urs4major_,bitorexpost,0,2,17
18142707874494760,DWvST1kEZ15,alamsah_48,bitorexpost,0,1,21
17967798123045952,DWvST1kEZ15,zinprimadew,bitorexpost,0,1,3
18516708763075428,DWvST1kEZ15,starleo164,bitorexpost,0,0,28
18348836191213892,DWvST1kEZ15,dsfrozenfood,bitorexpost,0,0,3
18027843668805056,DWvST1kEZ15,indra_aetiawan,bitorexpost,0,0,7
17854509117638740,DWvST1kEZ15,ipenkun,bitorexpost,0,0,0
17907535944385834,DWvST1kEZ15,arkho91,bitorexpost,0,0,1
18228832648312288,DWvST1kEZ15,namakuyuldi,bitorexpost,0,0,1
18149520622461180,DWvST1kEZ15,astor17027,bitorexpost,0,0,1
18358255525224176,DWub4RBAX-U,isyaknurhadi,agam.munawar,0,0,0
18108361465889028,DWtpj15DxW9,viorettalinda,manofourtimeid,0,15,178
18111858274627520,DWtpj15DxW9,eyt70,manofourtimeid,0,5,160
18131092732543600,DWtpj15DxW9,lucky6276600,manofourtimeid,0,3,111
18125620408604036,DWtpj15DxW9,mal.nurlail,manofourtimeid,0,5,214
18197682811348120,DWtpj15DxW9,indraadityaa9191,manofourtimeid,0,4,53
17980452023831210,DWtpj15DxW9,zaskia.salsabila.733,manofourtimeid,0,1,54
18046002530747700,DWtpj15DxW9,dwilaksonosetyowibowo,manofourtimeid,0,10,15
17855299734636192,DWtpj15DxW9,ilham_m_ge8,manofourtimeid,0,3,75
17912036004363894,DWtpj15DxW9,sayidulmuhlisin,manofourtimeid,0,0,16
18134004841531112,DWtpj15DxW9,aditya_uki_nugroho,manofourtimeid,0,0,47
18002916053880762,DWtpFf8iSgz,noorhasanah7757,sindonews,0,0,1
17893143975311628,DWtltb_ARIZ,bslaksono,sindonews,0,0,3
17980069853829260,DWtltb_ARIZ,76henikusumawati,sindonews,0,0,1
18101232862764652,DWtltb_ARIZ,ayub7505,sindonews,0,0,0
17905278981222244,DWtltb_ARIZ,om_nyoss,sindonews,0,0,2
18087334450994588,DWtltb_ARIZ,ylndsj,sindonews,0,0,0
17973857541007108,DWtltb_ARIZ,nitamia38,sindonews,0,0,1
18061027982678688,DWtltb_ARIZ,4l3x42022,sindonews,0,0,3
18103039192935336,DWtltb_ARIZ,selamatabdurrahman99,sindonews,0,0,2
18130021930488968,DWtltb_ARIZ,ichlasmohamad,sindonews,0,0,1
18059827598447960,DWtltb_ARIZ,yandijoee,sindonews,0,0,0
18095555411087864,DWtRgx9Ek-P,kuacikering5,cryfex.id,0,3,0
18440259637114288,DWtRgx9Ek-P,nuraini.nadia.75,cryfex.id,0,0,0
18079820639384168,DWtRgx9Ek-P,pepu20___,cryfex.id,0,1,0
18097019357016792,DWtRgx9Ek-P,bangleo.fx,cryfex.id,0,0,0
18128405833562000,DWtRgx9Ek-P,aaalbertob,cryfex.id,0,0,0
17938585029190752,DWtRgx9Ek-P,ezzadwik,cryfex.id,0,0,0
18079221902417988,DWs95Yskm5Z,trijafayeldi,kompascom,0,2,5
17965949870899034,DWs95Yskm5Z,rudywijaya.rw79,kompascom,0,0,2
17887881354463960,DWs95Yskm5Z,khrris_,kompascom,0,13,9
17875529577561556,DWs95Yskm5Z,ariy_idzes,kompascom,0,0,1
17932898373054344,DWs95Yskm5Z,harybudiman23,kompascom,0,0,0
18573459355040972,DWs95Yskm5Z,barbieskyx_,kompascom,0,0,0
18177291889380616,DWs95Yskm5Z,yani_suroto,kompascom,0,0,0
18091803197333116,DWs95Yskm5Z,legnuts,kompascom,0,0,6
17880866514399132,DWs95Yskm5Z,gudang.nabati,kompascom,0,0,0
17932840947054996,DWs95Yskm5Z,abadiabadillah,kompascom,0,0,0
17962356570078170,DWs1qbGmCFG,samaranantonio,vivacoid,0,0,0
17859404100681722,DWs1qbGmCFG,sumartono.zia,vivacoid,0,0,0
18013130492686560,DWshGpbkf0E,rwt_ramadhan,sindonews,0,0,0
18098231056996936,DWshGpbkf0E,warasujitak,sindonews,0,0,0
18443785288115132,DWshGpbkf0E,mhalim_real,sindonews,0,0,0
18366778858204336,DW8NM8PiVBP,pemberimandat,bloombergtechnoz,0,9,3
18085146446605424,DW8NM8PiVBP,rikypermana_brt,bloombergtechnoz,0,0,1
17883556659532514,DW8NM8PiVBP,rando_arsyad7,bloombergtechnoz,0,3,0
18107674987860752,DW8NM8PiVBP,malikininspiratif,bloombergtechnoz,0,0,0
17897144598425344,DW8NM8PiVBP,xlemanzupx,bloombergtechnoz,0,0,0
18454574554098740,DVYL4DRkl0g,nicegift_id,bloombergtechnoz,0,1,3
18118019914533772,DVYL4DRkl0g,muhandhika_eco,bloombergtechnoz,0,6,53
18095253613999600,DVYL4DRkl0g,yanditarigann,bloombergtechnoz,0,4,1
18039677303537768,DVYL4DRkl0g,rayhanlexandra,bloombergtechnoz,0,0,1
17848671690661448,DVYL4DRkl0g,pemberimandat,bloombergtechnoz,0,7,9
18109249768748476,DVYL4DRkl0g,antoni_widjaja,bloombergtechnoz,0,0,12
18156380689434064,DVYL4DRkl0g,yogsjourney_,bloombergtechnoz,0,0,4
18414976195124240,DVYL4DRkl0g,adwi.hantoro,bloombergtechnoz,0,0,1
17908227978180436,DVYL4DRkl0g,ryantwensley,bloombergtechnoz,0,1,5
17943161946131780,DVYL4DRkl0g,meisahardika,bloombergtechnoz,0,2,0
17888449410414536,DTUONtoiBGP,bem_su1,sindonews,0,2,3
17844607950669010,DTUONtoiBGP,brohar85,sindonews,0,0,0
18250242958290412,DTUONtoiBGP,sirdonda,sindonews,0,0,2
18081141623520280,DTUONtoiBGP,kurnianto_susetiyo,sindonews,0,0,0
18088513403080520,DTUONtoiBGP,itongeka,sindonews,0,3,3
18103409476753464,DTUONtoiBGP,swarnorudi,sindonews,0,0,0
18154304299424144,DTUONtoiBGP,wildang_abu_fadhlan,sindonews,0,0,3
18188863102350456,DTUONtoiBGP,adamramadhan767,sindonews,0,0,0
18308170228249324,DTUONtoiBGP,law_roes,sindonews,0,0,0
18085743362118040,DTUONtoiBGP,juangjoko,sindonews,0,0,0
18390754951199672,DTNdnzsiLZr,satriamedia,timesindonesia,0,0,0
